"customer_id","customer_name","customer_phone","customer_email","order_id","order_date","order_total","order_items"
"1","Customer 1","""+44-1693623526""","customer0@example.com","1001","2023-01-01","300.0","[{""product_id"": ""B1"", ""product_name"": ""Gadget"", ""quantity"": 2, ""price"": 150.0}]"
"2","Customer 2","""+49-2082250353""","customer1@example.com","1002","2023-01-02","150.0","[{""product_id"": ""A1"", ""product_name"": ""Widget"", ""quantity"": 1, ""price"": 50.0}, {""product_id"": ""C1"", ""product_name"": ""Doohickey"", ""quantity"": 2, ""price"": 50.0}]"
"3","Customer 3","""+91-5457298505""","CUSTOMER2@EXAMPLE.COM","1003","2023-01-03","250.0","[{""product_id"": ""A1"", ""product_name"": ""Widget"", ""quantity"": 2, ""price"": 50.0}, {""product_id"": ""B1"", ""product_name"": ""Gadget"", ""quantity"": 1, ""price"": 150.0}]"
"4","Customer 4","""+33-7304899446""","customer3@example.com","1004","2023-01-04","150.0","[{""product_id"": ""A1"", ""product_name"": ""Widget"", ""quantity"": 1, ""price"": 50.0}, {""product_id"": ""C1"", ""product_name"": ""Doohickey"", ""quantity"": 2, ""price"": 50.0}]"
"5","Customer 5","""+33-2862900690""","CUSTOMER4@EXAMPLE.COM","1005","2023-01-05","300.0","[{""product_id"": ""B1"", ""product_name"": ""Gadget"", ""quantity"": 2, ""price"": 150.0}]"
"6","Customer 6","""+91-9616368162""","CUSTOMER5@EXAMPLE.COM","1006","2023-01-06","300.0","[{""product_id"": ""B1"", ""product_name"": ""Gadget"", ""quantity"": 2, ""price"": 150.0}]"
"7","Customer 7","""+81-2126597447""","customer6@example.com","1007","2023-01-07","150.0","[{""product_id"": ""A1"", ""product_name"": ""Widget"", ""quantity"": 1, ""price"": 50.0}, {""product_id"": ""C1"", ""product_name"": ""Doohickey"", ""quantity"": 2, ""price"": 50.0}]"
"8","Customer 8","""+86-2672153582""","customer7@example.com","1008","2023-01-08","250.0","[{""product_id"": ""A1"", ""product_name"": ""Widget"", ""quantity"": 2, ""price"": 50.0}, {""product_id"": ""B1"", ""product_name"": ""Gadget"", ""quantity"": 1, ""price"": 150.0}]"
"9","Customer 9","""+1-2093269741""","CUSTOMER8@EXAMPLE.COM","1009","2023-01-09","300.0","[{""product_id"": ""B1"", ""product_name"": ""Gadget"", ""quantity"": 2, ""price"": 150.0}]"
"10","Customer 10","""+91-9715936690""","CUSTOMER9@EXAMPLE.COM","1010","2023-01-10","300.0","[{""product_id"": ""B1"", ""product_name"": ""Gadget"", ""quantity"": 2, ""price"": 150.0}]"
"11","Customer 11","""+44-3092222892""","CUSTOMER10@EXAMPLE.COM","1011","2023-01-11","250.0","[{""product_id"": ""A1"", ""product_name"": ""Widget"", ""quantity"": 2, ""price"": 50.0}, {""product_id"": ""B1"", ""product_name"": ""Gadget"", ""quantity"": 1, ""price"": 150.0}]"
"12","Customer 12","""+86-7343960588""","customer11@example.com","1012","2023-01-12","250.0","[{""product_id"": ""A1"", ""product_name"": ""Widget"", ""quantity"": 2, ""price"": 50.0}, {""product_id"": ""B1"", ""product_name"": ""Gadget"", ""quantity"": 1, ""price"": 150.0}]"
"13","Customer 13","""+39-1373801389""","CUSTOMER12@EXAMPLE.COM","1013","2023-01-13","250.0","[{""product_id"": ""A1"", ""product_name"": ""Widget"", ""quantity"": 2, ""price"": 50.0}, {""product_id"": ""B1"", ""product_name"": ""Gadget"", ""quantity"": 1, ""price"": 150.0}]"
"14","Customer 14","""+91-4271728833""","CUSTOMER13@EXAMPLE.COM","1014","2023-01-14","150.0","[{""product_id"": ""A1"", ""product_name"": ""Widget"", ""quantity"": 1, ""price"": 50.0}, {""product_id"": ""C1"", ""product_name"": ""Doohickey"", ""quantity"": 2, ""price"": 50.0}]"
"15","Customer 15","","","1015","2023-01-15","300.0","[{""product_id"": ""B1"", ""product_name"": ""Gadget"", ""quantity"": 2, ""price"": 150.0}]"
"16","Customer 16","""+34-1907920070""","customer15@example.com","1016","2023-01-16","250.0","[{""product_id"": ""A1"", ""product_name"": ""Widget"", ""quantity"": 2, ""price"": 50.0}, {""product_id"": ""B1"", ""product_name"": ""Gadget"", ""quantity"": 1, ""price"": 150.0}]"
"17","Customer 17","""+39-7213404190""","CUSTOMER16@EXAMPLE.COM","1017","2023-01-17","250.0","[{""product_id"": ""A1"", ""product_name"": ""Widget"", ""quantity"": 2, ""price"": 50.0}, {""product_id"": ""B1"", ""product_name"": ""Gadget"", ""quantity"": 1, ""price"": 150.0}]"
"18","Customer 18","""+91-1539261124""","N/A","1018","2023-01-18","150.0","[{""product_id"": ""A1"", ""product_name"": ""Widget"", ""quantity"": 1, ""price"": 50.0}, {""product_id"": ""C1"", ""product_name"": ""Doohickey"", ""quantity"": 2, ""price"": 50.0}]"
"19","Customer 19","""+86-8911511057""","CUSTOMER18@EXAMPLE.COM","1019","2023-01-19","150.0","[{""product_id"": ""A1"", ""product_name"": ""Widget"", ""quantity"": 1, ""price"": 50.0}, {""product_id"": ""C1"", ""product_name"": ""Doohickey"", ""quantity"": 2, ""price"": 50.0}]"
"20","Customer 20","""N/A""","customer19@example.com","1020","2023-01-20","300.0","[{""product_id"": ""B1"", ""product_name"": ""Gadget"", ""quantity"": 2, ""price"": 150.0}]"
"21","Customer 21","""+33-7960479947""","","1021","2023-01-21","300.0","[{""product_id"": ""B1"", ""product_name"": ""Gadget"", ""quantity"": 2, ""price"": 150.0}]"
"22","Customer 22","""+91-2604447822""","CUSTOMER21@EXAMPLE.COM","1022","2023-01-22","300.0","[{""product_id"": ""B1"", ""product_name"": ""Gadget"", ""quantity"": 2, ""price"": 150.0}]"
"23","Customer 23","""+34-5268179870""","CUSTOMER22@EXAMPLE.COM","1023","2023-01-23","300.0","[{""product_id"": ""B1"", ""product_name"": ""Gadget"", ""quantity"": 2, ""price"": 150.0}]"
"24","Customer 24","""+86-2478652522""","CUSTOMER23@EXAMPLE.COM","1024","2023-01-24","250.0","[{""product_id"": ""A1"", ""product_name"": ""Widget"", ""quantity"": 2, ""price"": 50.0}, {""product_id"": ""B1"", ""product_name"": ""Gadget"", ""quantity"": 1, ""price"": 150.0}]"
"25","Customer 25","""+81-3853202400""","CUSTOMER24@EXAMPLE.COM","1025","2023-01-25","250.0","[{""product_id"": ""A1"", ""product_name"": ""Widget"", ""quantity"": 2, ""price"": 50.0}, {""product_id"": ""B1"", ""product_name"": ""Gadget"", ""quantity"": 1, ""price"": 150.0}]"
"26","Customer 26","""+49-4863941469""","customer25@example.com","1026","2023-01-26","250.0","[{""product_id"": ""A1"", ""product_name"": ""Widget"", ""quantity"": 2, ""price"": 50.0}, {""product_id"": ""B1"", ""product_name"": ""Gadget"", ""quantity"": 1, ""price"": 150.0}]"
"27","Customer 27","""+49-5543844166""","customer26@example.com","1027","2023-01-27","250.0","[{""product_id"": ""A1"", ""product_name"": ""Widget"", ""quantity"": 2, ""price"": 50.0}, {""product_id"": ""B1"", ""product_name"": ""Gadget"", ""quantity"": 1, ""price"": 150.0}]"
"28","Customer 28","""+33-8830144845""","CUSTOMER27@EXAMPLE.COM","1028","2023-01-28","250.0","[{""product_id"": ""A1"", ""product_name"": ""Widget"", ""quantity"": 2, ""price"": 50.0}, {""product_id"": ""B1"", ""product_name"": ""Gadget"", ""quantity"": 1, ""price"": 150.0}]"
"29","Customer 29","""N/A""","CUSTOMER28@EXAMPLE.COM","1029","2023-01-29","300.0","[{""product_id"": ""B1"", ""product_name"": ""Gadget"", ""quantity"": 2, ""price"": 150.0}]"
"30","Customer 30","""+44-9093245173""","customer29@example.com","1030","2023-01-30","300.0","[{""product_id"": ""B1"", ""product_name"": ""Gadget"", ""quantity"": 2, ""price"": 150.0}]"
"31","Customer 31","""+34-7214225693""","customer30@example.com","1031","2023-01-31","150.0","[{""product_id"": ""A1"", ""product_name"": ""Widget"", ""quantity"": 1, ""price"": 50.0}, {""product_id"": ""C1"", ""product_name"": ""Doohickey"", ""quantity"": 2, ""price"": 50.0}]"
"32","Customer 32","""+81-9312983596""","CUSTOMER31@EXAMPLE.COM","1032","2023-02-01","300.0","[{""product_id"": ""B1"", ""product_name"": ""Gadget"", ""quantity"": 2, ""price"": 150.0}]"
"33","Customer 33","""+81-5621622009""","customer32@example.com","1033","2023-02-02","250.0","[{""product_id"": ""A1"", ""product_name"": ""Widget"", ""quantity"": 2, ""price"": 50.0}, {""product_id"": ""B1"", ""product_name"": ""Gadget"", ""quantity"": 1, ""price"": 150.0}]"
"34","Customer 34","""+61-6432451651""","CUSTOMER33@EXAMPLE.COM","1034","2023-02-03","150.0","[{""product_id"": ""A1"", ""product_name"": ""Widget"", ""quantity"": 1, ""price"": 50.0}, {""product_id"": ""C1"", ""product_name"": ""Doohickey"", ""quantity"": 2, ""price"": 50.0}]"
"35","Customer 35","""+39-6252438888""","CUSTOMER34@EXAMPLE.COM","1035","2023-02-04","250.0","[{""product_id"": ""A1"", ""product_name"": ""Widget"", ""quantity"": 2, ""price"": 50.0}, {""product_id"": ""B1"", ""product_name"": ""Gadget"", ""quantity"": 1, ""price"": 150.0}]"
"36","Customer 36","""+91-9831641871""","CUSTOMER35@EXAMPLE.COM","1036","2023-02-05","300.0","[{""product_id"": ""B1"", ""product_name"": ""Gadget"", ""quantity"": 2, ""price"": 150.0}]"
"37","Customer 37","""+39-9665321579""","customer36@example.com","1037","2023-02-06","250.0","[{""product_id"": ""A1"", ""product_name"": ""Widget"", ""quantity"": 2, ""price"": 50.0}, {""product_id"": ""B1"", ""product_name"": ""Gadget"", ""quantity"": 1, ""price"": 150.0}]"
"38","Customer 38","""""","CUSTOMER37@EXAMPLE.COM","1038","2023-02-07","250.0","[{""product_id"": ""A1"", ""product_name"": ""Widget"", ""quantity"": 2, ""price"": 50.0}, {""product_id"": ""B1"", ""product_name"": ""Gadget"", ""quantity"": 1, ""price"": 150.0}]"
"39","Customer 39","""+33-8076186665""","customer38@example.com","1039","2023-02-08","150.0","[{""product_id"": ""A1"", ""product_name"": ""Widget"", ""quantity"": 1, ""price"": 50.0}, {""product_id"": ""C1"", ""product_name"": ""Doohickey"", ""quantity"": 2, ""price"": 50.0}]"
"40","Customer 40","""+33-1338793442""","customer39@example.com","1040","2023-02-09","300.0","[{""product_id"": ""B1"", ""product_name"": ""Gadget"", ""quantity"": 2, ""price"": 150.0}]"
"41","Customer 41","""+61-4287152146""","CUSTOMER40@EXAMPLE.COM","1041","2023-02-10","250.0","[{""product_id"": ""A1"", ""product_name"": ""Widget"", ""quantity"": 2, ""price"": 50.0}, {""product_id"": ""B1"", ""product_name"": ""Gadget"", ""quantity"": 1, ""price"": 150.0}]"
"42","Customer 42","""+91-3545995097""","customer41@example.com","1042","2023-02-11","150.0","[{""product_id"": ""A1"", ""product_name"": ""Widget"", ""quantity"": 1, ""price"": 50.0}, {""product_id"": ""C1"", ""product_name"": ""Doohickey"", ""quantity"": 2, ""price"": 50.0}]"
"43","Customer 43","""+61-1742111456""","CUSTOMER42@EXAMPLE.COM","1043","2023-02-12","300.0","[{""product_id"": ""B1"", ""product_name"": ""Gadget"", ""quantity"": 2, ""price"": 150.0}]"
"44","Customer 44","""+86-7826668255""","customer43@example.com","1044","2023-02-13","150.0","[{""product_id"": ""A1"", ""product_name"": ""Widget"", ""quantity"": 1, ""price"": 50.0}, {""product_id"": ""C1"", ""product_name"": ""Doohickey"", ""quantity"": 2, ""price"": 50.0}]"
"45","Customer 45","""""","CUSTOMER44@EXAMPLE.COM","1045","2023-02-14","300.0","[{""product_id"": ""B1"", ""product_name"": ""Gadget"", ""quantity"": 2, ""price"": 150.0}]"
"46","Customer 46","""+44-3303842205""","customer45@example.com","1046","2023-02-15","250.0","[{""product_id"": ""A1"", ""product_name"": ""Widget"", ""quantity"": 2, ""price"": 50.0}, {""product_id"": ""B1"", ""product_name"": ""Gadget"", ""quantity"": 1, ""price"": 150.0}]"
"47","Customer 47","""+33-3669351515""","CUSTOMER46@EXAMPLE.COM","1047","2023-02-16","250.0","[{""product_id"": ""A1"", ""product_name"": ""Widget"", ""quantity"": 2, ""price"": 50.0}, {""product_id"": ""B1"", ""product_name"": ""Gadget"", ""quantity"": 1, ""price"": 150.0}]"
"48","Customer 48","""+1-5266310423""","customer47@example.com","1048","2023-02-17","300.0","[{""product_id"": ""B1"", ""product_name"": ""Gadget"", ""quantity"": 2, ""price"": 150.0}]"
"49","Customer 49","""+33-7351991355""","CUSTOMER48@EXAMPLE.COM","1049","2023-02-18","300.0","[{""product_id"": ""B1"", ""product_name"": ""Gadget"", ""quantity"": 2, ""price"": 150.0}]"
"50","Customer 50","""+86-3625772661""","","1050","2023-02-19","150.0","[{""product_id"": ""A1"", ""product_name"": ""Widget"", ""quantity"": 1, ""price"": 50.0}, {""product_id"": ""C1"", ""product_name"": ""Doohickey"", ""quantity"": 2, ""price"": 50.0}]"
"51","Customer 51","""+49-2329423276""","CUSTOMER50@EXAMPLE.COM","1051","2023-02-20","150.0","[{""product_id"": ""A1"", ""product_name"": ""Widget"", ""quantity"": 1, ""price"": 50.0}, {""product_id"": ""C1"", ""product_name"": ""Doohickey"", ""quantity"": 2, ""price"": 50.0}]"
"52","Customer 52","""+81-6339793584""","customer51@example.com","1052","2023-02-21","300.0","[{""product_id"": ""B1"", ""product_name"": ""Gadget"", ""quantity"": 2, ""price"": 150.0}]"
"53","Customer 53","""+33-1102768940""","CUSTOMER52@EXAMPLE.COM","1053","2023-02-22","150.0","[{""product_id"": ""A1"", ""product_name"": ""Widget"", ""quantity"": 1, ""price"": 50.0}, {""product_id"": ""C1"", ""product_name"": ""Doohickey"", ""quantity"": 2, ""price"": 50.0}]"
"54","Customer 54","""+44-6871070202""","CUSTOMER53@EXAMPLE.COM","1054","2023-02-23","250.0","[{""product_id"": ""A1"", ""product_name"": ""Widget"", ""quantity"": 2, ""price"": 50.0}, {""product_id"": ""B1"", ""product_name"": ""Gadget"", ""quantity"": 1, ""price"": 150.0}]"
"55","Customer 55","""+81-8486621629""","customer54@example.com","1055","2023-02-24","300.0","[{""product_id"": ""B1"", ""product_name"": ""Gadget"", ""quantity"": 2, ""price"": 150.0}]"
"56","Customer 56","""+49-4613535984""","customer55@example.com","1056","2023-02-25","300.0","[{""product_id"": ""B1"", ""product_name"": ""Gadget"", ""quantity"": 2, ""price"": 150.0}]"
"57","Customer 57","""+1-6604844032""","CUSTOMER56@EXAMPLE.COM","1057","2023-02-26","250.0","[{""product_id"": ""A1"", ""product_name"": ""Widget"", ""quantity"": 2, ""price"": 50.0}, {""product_id"": ""B1"", ""product_name"": ""Gadget"", ""quantity"": 1, ""price"": 150.0}]"
"58","Customer 58","""+1-8082720239""","customer57@example.com","1058","2023-02-27","300.0","[{""product_id"": ""B1"", ""product_name"": ""Gadget"", ""quantity"": 2, ""price"": 150.0}]"
"59","Customer 59","""+49-4965401384""","customer58@example.com","1059","2023-02-28","300.0","[{""product_id"": ""B1"", ""product_name"": ""Gadget"", ""quantity"": 2, ""price"": 150.0}]"
"60","Customer 60","""+61-6184770285""","customer59@example.com","1060","2023-03-01","300.0","[{""product_id"": ""B1"", ""product_name"": ""Gadget"", ""quantity"": 2, ""price"": 150.0}]"
"61","Customer 61","""+86-9844504863""","customer60@example.com","1061","2023-03-02","150.0","[{""product_id"": ""A1"", ""product_name"": ""Widget"", ""quantity"": 1, ""price"": 50.0}, {""product_id"": ""C1"", ""product_name"": ""Doohickey"", ""quantity"": 2, ""price"": 50.0}]"
"62","Customer 62","""+34-4615839129""","CUSTOMER61@EXAMPLE.COM","1062","2023-03-03","250.0","[{""product_id"": ""A1"", ""product_name"": ""Widget"", ""quantity"": 2, ""price"": 50.0}, {""product_id"": ""B1"", ""product_name"": ""Gadget"", ""quantity"": 1, ""price"": 150.0}]"
"63","Customer 63","""+86-7178165153""","customer62@example.com","1063","2023-03-04","300.0","[{""product_id"": ""B1"", ""product_name"": ""Gadget"", ""quantity"": 2, ""price"": 150.0}]"
"64","Customer 64","""+49-6864396258""","CUSTOMER63@EXAMPLE.COM","1064","2023-03-05","250.0","[{""product_id"": ""A1"", ""product_name"": ""Widget"", ""quantity"": 2, ""price"": 50.0}, {""product_id"": ""B1"", ""product_name"": ""Gadget"", ""quantity"": 1, ""price"": 150.0}]"
"65","Customer 65","""+34-6382433001""","customer64@example.com","1065","2023-03-06","150.0","[{""product_id"": ""A1"", ""product_name"": ""Widget"", ""quantity"": 1, ""price"": 50.0}, {""product_id"": ""C1"", ""product_name"": ""Doohickey"", ""quantity"": 2, ""price"": 50.0}]"
"66","Customer 66","""+44-1148829652""","customer65@example.com","1066","2023-03-07","150.0","[{""product_id"": ""A1"", ""product_name"": ""Widget"", ""quantity"": 1, ""price"": 50.0}, {""product_id"": ""C1"", ""product_name"": ""Doohickey"", ""quantity"": 2, ""price"": 50.0}]"
"67","Customer 67","""+91-6172534934""","CUSTOMER66@EXAMPLE.COM","1067","2023-03-08","250.0","[{""product_id"": ""A1"", ""product_name"": ""Widget"", ""quantity"": 2, ""price"": 50.0}, {""product_id"": ""B1"", ""product_name"": ""Gadget"", ""quantity"": 1, ""price"": 150.0}]"
"68","Customer 68","""+44-2666894305""","CUSTOMER67@EXAMPLE.COM","1068","2023-03-09","250.0","[{""product_id"": ""A1"", ""product_name"": ""Widget"", ""quantity"": 2, ""price"": 50.0}, {""product_id"": ""B1"", ""product_name"": ""Gadget"", ""quantity"": 1, ""price"": 150.0}]"
"69","Customer 69","""+86-5394159126""","INVALID-EMAIL","1069","2023-03-10","150.0","[{""product_id"": ""A1"", ""product_name"": ""Widget"", ""quantity"": 1, ""price"": 50.0}, {""product_id"": ""C1"", ""product_name"": ""Doohickey"", ""quantity"": 2, ""price"": 50.0}]"
"70","Customer 70","""+91-9234337292""","CUSTOMER69@EXAMPLE.COM","1070","2023-03-11","300.0","[{""product_id"": ""B1"", ""product_name"": ""Gadget"", ""quantity"": 2, ""price"": 150.0}]"
"71","Customer 71","""+81-1817548823""","customer70@example.com","1071","2023-03-12","300.0","[{""product_id"": ""B1"", ""product_name"": ""Gadget"", ""quantity"": 2, ""price"": 150.0}]"
"72","Customer 72","""+39-6883380447""","customer71@example.com","1072","2023-03-13","300.0","[{""product_id"": ""B1"", ""product_name"": ""Gadget"", ""quantity"": 2, ""price"": 150.0}]"
"73","Customer 73","""+81-5559879179""","CUSTOMER72@EXAMPLE.COM","1073","2023-03-14","150.0","[{""product_id"": ""A1"", ""product_name"": ""Widget"", ""quantity"": 1, ""price"": 50.0}, {""product_id"": ""C1"", ""product_name"": ""Doohickey"", ""quantity"": 2, ""price"": 50.0}]"
"74","Customer 74","""+81-6654897557""","CUSTOMER73@EXAMPLE.COM","1074","2023-03-15","300.0","[{""product_id"": ""B1"", ""product_name"": ""Gadget"", ""quantity"": 2, ""price"": 150.0}]"
"75","Customer 75","""+39-1163046793""","CUSTOMER74@EXAMPLE.COM","1075","2023-03-16","300.0","[{""product_id"": ""B1"", ""product_name"": ""Gadget"", ""quantity"": 2, ""price"": 150.0}]"
"76","Customer 76","""+81-8732706885""","CUSTOMER75@EXAMPLE.COM","1076","2023-03-17","250.0","[{""product_id"": ""A1"", ""product_name"": ""Widget"", ""quantity"": 2, ""price"": 50.0}, {""product_id"": ""B1"", ""product_name"": ""Gadget"", ""quantity"": 1, ""price"": 150.0}]"
"77","Customer 77","""+49-2586176210""","CUSTOMER76@EXAMPLE.COM","1077","2023-03-18","300.0","[{""product_id"": ""B1"", ""product_name"": ""Gadget"", ""quantity"": 2, ""price"": 150.0}]"
"78","Customer 78","""+61-2249280410""","CUSTOMER77@EXAMPLE.COM","1078","2023-03-19","250.0","[{""product_id"": ""A1"", ""product_name"": ""Widget"", ""quantity"": 2, ""price"": 50.0}, {""product_id"": ""B1"", ""product_name"": ""Gadget"", ""quantity"": 1, ""price"": 150.0}]"
"79","Customer 79","""+91-7796722140""","customer78@example.com","1079","2023-03-20","250.0","[{""product_id"": ""A1"", ""product_name"": ""Widget"", ""quantity"": 2, ""price"": 50.0}, {""product_id"": ""B1"", ""product_name"": ""Gadget"", ""quantity"": 1, ""price"": 150.0}]"
"80","Customer 80","""+1-8913568400""","customer79@example.com","1080","2023-03-21","250.0","[{""product_id"": ""A1"", ""product_name"": ""Widget"", ""quantity"": 2, ""price"": 50.0}, {""product_id"": ""B1"", ""product_name"": ""Gadget"", ""quantity"": 1, ""price"": 150.0}]"
"81","Customer 81","""+61-9192524636""","CUSTOMER80@EXAMPLE.COM","1081","2023-03-22","150.0","[{""product_id"": ""A1"", ""product_name"": ""Widget"", ""quantity"": 1, ""price"": 50.0}, {""product_id"": ""C1"", ""product_name"": ""Doohickey"", ""quantity"": 2, ""price"": 50.0}]"
"82","Customer 82","""+49-4185052073""","customer81@example.com","1082","2023-03-23","150.0","[{""product_id"": ""A1"", ""product_name"": ""Widget"", ""quantity"": 1, ""price"": 50.0}, {""product_id"": ""C1"", ""product_name"": ""Doohickey"", ""quantity"": 2, ""price"": 50.0}]"
"83","Customer 83","""+33-6195655242""","n/a","1083","2023-03-24","150.0","[{""product_id"": ""A1"", ""product_name"": ""Widget"", ""quantity"": 1, ""price"": 50.0}, {""product_id"": ""C1"", ""product_name"": ""Doohickey"", ""quantity"": 2, ""price"": 50.0}]"
"84","Customer 84","""+34-8299634775""","CUSTOMER83@EXAMPLE.COM","1084","2023-03-25","300.0","[{""product_id"": ""B1"", ""product_name"": ""Gadget"", ""quantity"": 2, ""price"": 150.0}]"
"85","Customer 85","""+39-4249800039""","customer84@example.com","1085","2023-03-26","150.0","[{""product_id"": ""A1"", ""product_name"": ""Widget"", ""quantity"": 1, ""price"": 50.0}, {""product_id"": ""C1"", ""product_name"": ""Doohickey"", ""quantity"": 2, ""price"": 50.0}]"
"86","Customer 86","""+33-6599078672""","customer85@example.com","1086","2023-03-27","250.0","[{""product_id"": ""A1"", ""product_name"": ""Widget"", ""quantity"": 2, ""price"": 50.0}, {""product_id"": ""B1"", ""product_name"": ""Gadget"", ""quantity"": 1, ""price"": 150.0}]"
"87","Customer 87","""+91-7094247391""","CUSTOMER86@EXAMPLE.COM","1087","2023-03-28","250.0","[{""product_id"": ""A1"", ""product_name"": ""Widget"", ""quantity"": 2, ""price"": 50.0}, {""product_id"": ""B1"", ""product_name"": ""Gadget"", ""quantity"": 1, ""price"": 150.0}]"
"88","Customer 88","""+34-7119015486""","CUSTOMER87@EXAMPLE.COM","1088","2023-03-29","250.0","[{""product_id"": ""A1"", ""product_name"": ""Widget"", ""quantity"": 2, ""price"": 50.0}, {""product_id"": ""B1"", ""product_name"": ""Gadget"", ""quantity"": 1, ""price"": 150.0}]"
"89","Customer 89","""+39-9019047739""","customer88@example.com","1089","2023-03-30","250.0","[{""product_id"": ""A1"", ""product_name"": ""Widget"", ""quantity"": 2, ""price"": 50.0}, {""product_id"": ""B1"", ""product_name"": ""Gadget"", ""quantity"": 1, ""price"": 150.0}]"
"90","Customer 90","""+39-8244687357""","CUSTOMER89@EXAMPLE.COM","1090","2023-03-31","300.0","[{""product_id"": ""B1"", ""product_name"": ""Gadget"", ""quantity"": 2, ""price"": 150.0}]"
"91","Customer 91","""+91-8318681449""","CUSTOMER90@EXAMPLE.COM","1091","2023-04-01","250.0","[{""product_id"": ""A1"", ""product_name"": ""Widget"", ""quantity"": 2, ""price"": 50.0}, {""product_id"": ""B1"", ""product_name"": ""Gadget"", ""quantity"": 1, ""price"": 150.0}]"
"92","Customer 92","""+33-3131077485""","CUSTOMER91@EXAMPLE.COM","1092","2023-04-02","150.0","[{""product_id"": ""A1"", ""product_name"": ""Widget"", ""quantity"": 1, ""price"": 50.0}, {""product_id"": ""C1"", ""product_name"": ""Doohickey"", ""quantity"": 2, ""price"": 50.0}]"
"93","Customer 93","""+91-7998162293""","CUSTOMER92@EXAMPLE.COM","1093","2023-04-03","250.0","[{""product_id"": ""A1"", ""product_name"": ""Widget"", ""quantity"": 2, ""price"": 50.0}, {""product_id"": ""B1"", ""product_name"": ""Gadget"", ""quantity"": 1, ""price"": 150.0}]"
"94","Customer 94","""+81-6780701930""","customer93@example.com","1094","2023-04-04","150.0","[{""product_id"": ""A1"", ""product_name"": ""Widget"", ""quantity"": 1, ""price"": 50.0}, {""product_id"": ""C1"", ""product_name"": ""Doohickey"", ""quantity"": 2, ""price"": 50.0}]"
"95","Customer 95","""+33-7606334666""","customer94@example.com","1095","2023-04-05","250.0","[{""product_id"": ""A1"", ""product_name"": ""Widget"", ""quantity"": 2, ""price"": 50.0}, {""product_id"": ""B1"", ""product_name"": ""Gadget"", ""quantity"": 1, ""price"": 150.0}]"
"96","Customer 96","""+39-9709807451""","customer95@example.com","1096","2023-04-06","250.0","[{""product_id"": ""A1"", ""product_name"": ""Widget"", ""quantity"": 2, ""price"": 50.0}, {""product_id"": ""B1"", ""product_name"": ""Gadget"", ""quantity"": 1, ""price"": 150.0}]"
"97","Customer 97","""+61-5487831823""","customer96@example.com","1097","2023-04-07","300.0","[{""product_id"": ""B1"", ""product_name"": ""Gadget"", ""quantity"": 2, ""price"": 150.0}]"
"98","Customer 98","""+1-2877324046""","CUSTOMER97@EXAMPLE.COM","1098","2023-04-08","300.0","[{""product_id"": ""B1"", ""product_name"": ""Gadget"", ""quantity"": 2, ""price"": 150.0}]"
"99","Customer 99","""+81-5367571254""","CUSTOMER98@EXAMPLE.COM","1099","2023-04-09","150.0","[{""product_id"": ""A1"", ""product_name"": ""Widget"", ""quantity"": 1, ""price"": 50.0}, {""product_id"": ""C1"", ""product_name"": ""Doohickey"", ""quantity"": 2, ""price"": 50.0}]"
"100","Customer 100","""+39-2117295597""","customer99@example.com","1100","2023-04-10","300.0","[{""product_id"": ""B1"", ""product_name"": ""Gadget"", ""quantity"": 2, ""price"": 150.0}]"
"101","Customer 101","""+39-5490534966""","customer100@example.com","1101","2023-04-11","150.0","[{""product_id"": ""A1"", ""product_name"": ""Widget"", ""quantity"": 1, ""price"": 50.0}, {""product_id"": ""C1"", ""product_name"": ""Doohickey"", ""quantity"": 2, ""price"": 50.0}]"
"102","Customer 102","""+1-5842139497""","CUSTOMER101@EXAMPLE.COM","1102","2023-04-12","300.0","[{""product_id"": ""B1"", ""product_name"": ""Gadget"", ""quantity"": 2, ""price"": 150.0}]"
"103","Customer 103","""""","customer102@example.com","1103","2023-04-13","250.0","[{""product_id"": ""A1"", ""product_name"": ""Widget"", ""quantity"": 2, ""price"": 50.0}, {""product_id"": ""B1"", ""product_name"": ""Gadget"", ""quantity"": 1, ""price"": 150.0}]"
"104","Customer 104","""+1-1313041763""","customer103@example.com","1104","2023-04-14","300.0","[{""product_id"": ""B1"", ""product_name"": ""Gadget"", ""quantity"": 2, ""price"": 150.0}]"
"105","Customer 105","""+33-7883688396""","CUSTOMER104@EXAMPLE.COM","1105","2023-04-15","300.0","[{""product_id"": ""B1"", ""product_name"": ""Gadget"", ""quantity"": 2, ""price"": 150.0}]"
"106","Customer 106","""+86-3939146810""","CUSTOMER105@EXAMPLE.COM","1106","2023-04-16","150.0","[{""product_id"": ""A1"", ""product_name"": ""Widget"", ""quantity"": 1, ""price"": 50.0}, {""product_id"": ""C1"", ""product_name"": ""Doohickey"", ""quantity"": 2, ""price"": 50.0}]"
"107","Customer 107","""""","CUSTOMER106@EXAMPLE.COM","1107","2023-04-17","250.0","[{""product_id"": ""A1"", ""product_name"": ""Widget"", ""quantity"": 2, ""price"": 50.0}, {""product_id"": ""B1"", ""product_name"": ""Gadget"", ""quantity"": 1, ""price"": 150.0}]"
"108","Customer 108","""+86-5991033968""","customer107@example.com","1108","2023-04-18","250.0","[{""product_id"": ""A1"", ""product_name"": ""Widget"", ""quantity"": 2, ""price"": 50.0}, {""product_id"": ""B1"", ""product_name"": ""Gadget"", ""quantity"": 1, ""price"": 150.0}]"
"109","Customer 109","""+1-5821977445""","customer108@example.com","1109","2023-04-19","300.0","[{""product_id"": ""B1"", ""product_name"": ""Gadget"", ""quantity"": 2, ""price"": 150.0}]"
"110","Customer 110","""+39-1032617888""","CUSTOMER109@EXAMPLE.COM","1110","2023-04-20","300.0","[{""product_id"": ""B1"", ""product_name"": ""Gadget"", ""quantity"": 2, ""price"": 150.0}]"
"111","Customer 111","""N/A""","customer110@example.com","1111","2023-04-21","250.0","[{""product_id"": ""A1"", ""product_name"": ""Widget"", ""quantity"": 2, ""price"": 50.0}, {""product_id"": ""B1"", ""product_name"": ""Gadget"", ""quantity"": 1, ""price"": 150.0}]"
"112","Customer 112","""+86-7264541292""","customer111@example.com","1112","2023-04-22","150.0","[{""product_id"": ""A1"", ""product_name"": ""Widget"", ""quantity"": 1, ""price"": 50.0}, {""product_id"": ""C1"", ""product_name"": ""Doohickey"", ""quantity"": 2, ""price"": 50.0}]"
"113","Customer 113","""+61-4841959074""","CUSTOMER112@EXAMPLE.COM","1113","2023-04-23","150.0","[{""product_id"": ""A1"", ""product_name"": ""Widget"", ""quantity"": 1, ""price"": 50.0}, {""product_id"": ""C1"", ""product_name"": ""Doohickey"", ""quantity"": 2, ""price"": 50.0}]"
"114","Customer 114","""+33-1702934728""","CUSTOMER113@EXAMPLE.COM","1114","2023-04-24","250.0","[{""product_id"": ""A1"", ""product_name"": ""Widget"", ""quantity"": 2, ""price"": 50.0}, {""product_id"": ""B1"", ""product_name"": ""Gadget"", ""quantity"": 1, ""price"": 150.0}]"
"115","Customer 115","""+44-6064999024""","customer114@example.com","1115","2023-04-25","250.0","[{""product_id"": ""A1"", ""product_name"": ""Widget"", ""quantity"": 2, ""price"": 50.0}, {""product_id"": ""B1"", ""product_name"": ""Gadget"", ""quantity"": 1, ""price"": 150.0}]"
"116","Customer 116","""+39-4885951445""","customer115@example.com","1116","2023-04-26","150.0","[{""product_id"": ""A1"", ""product_name"": ""Widget"", ""quantity"": 1, ""price"": 50.0}, {""product_id"": ""C1"", ""product_name"": ""Doohickey"", ""quantity"": 2, ""price"": 50.0}]"
"117","Customer 117","""+91-3656369983""","CUSTOMER116@EXAMPLE.COM","1117","2023-04-27","300.0","[{""product_id"": ""B1"", ""product_name"": ""Gadget"", ""quantity"": 2, ""price"": 150.0}]"
"118","Customer 118","""+34-7358324691""","CUSTOMER117@EXAMPLE.COM","1118","2023-04-28","250.0","[{""product_id"": ""A1"", ""product_name"": ""Widget"", ""quantity"": 2, ""price"": 50.0}, {""product_id"": ""B1"", ""product_name"": ""Gadget"", ""quantity"": 1, ""price"": 150.0}]"
"119","Customer 119","""+86-6732605536""","CUSTOMER118@EXAMPLE.COM","1119","2023-04-29","150.0","[{""product_id"": ""A1"", ""product_name"": ""Widget"", ""quantity"": 1, ""price"": 50.0}, {""product_id"": ""C1"", ""product_name"": ""Doohickey"", ""quantity"": 2, ""price"": 50.0}]"
"120","Customer 120","""+49-5911295379""","","1120","2023-04-30","250.0","[{""product_id"": ""A1"", ""product_name"": ""Widget"", ""quantity"": 2, ""price"": 50.0}, {""product_id"": ""B1"", ""product_name"": ""Gadget"", ""quantity"": 1, ""price"": 150.0}]"
"121","Customer 121","""+39-5473851979""","CUSTOMER120@EXAMPLE.COM","1121","2023-05-01","250.0","[{""product_id"": ""A1"", ""product_name"": ""Widget"", ""quantity"": 2, ""price"": 50.0}, {""product_id"": ""B1"", ""product_name"": ""Gadget"", ""quantity"": 1, ""price"": 150.0}]"
"122","Customer 122","""+34-4147869943""","invalid-email","1122","2023-05-02","150.0","[{""product_id"": ""A1"", ""product_name"": ""Widget"", ""quantity"": 1, ""price"": 50.0}, {""product_id"": ""C1"", ""product_name"": ""Doohickey"", ""quantity"": 2, ""price"": 50.0}]"
"123","Customer 123","""+1-4765925445""","CUSTOMER122@EXAMPLE.COM","1123","2023-05-03","250.0","[{""product_id"": ""A1"", ""product_name"": ""Widget"", ""quantity"": 2, ""price"": 50.0}, {""product_id"": ""B1"", ""product_name"": ""Gadget"", ""quantity"": 1, ""price"": 150.0}]"
"124","Customer 124","""+44-5511147791""","customer123@example.com","1124","2023-05-04","300.0","[{""product_id"": ""B1"", ""product_name"": ""Gadget"", ""quantity"": 2, ""price"": 150.0}]"
"125","Customer 125","""+44-7103095639""","CUSTOMER124@EXAMPLE.COM","1125","2023-05-05","150.0","[{""product_id"": ""A1"", ""product_name"": ""Widget"", ""quantity"": 1, ""price"": 50.0}, {""product_id"": ""C1"", ""product_name"": ""Doohickey"", ""quantity"": 2, ""price"": 50.0}]"
"126","Customer 126","""+86-4776485343""","customer125@example.com","1126","2023-05-06","300.0","[{""product_id"": ""B1"", ""product_name"": ""Gadget"", ""quantity"": 2, ""price"": 150.0}]"
"127","Customer 127","""+1-2356187346""","CUSTOMER126@EXAMPLE.COM","1127","2023-05-07","250.0","[{""product_id"": ""A1"", ""product_name"": ""Widget"", ""quantity"": 2, ""price"": 50.0}, {""product_id"": ""B1"", ""product_name"": ""Gadget"", ""quantity"": 1, ""price"": 150.0}]"
"128","Customer 128","""+86-3880917671""","customer127@example.com","1128","2023-05-08","300.0","[{""product_id"": ""B1"", ""product_name"": ""Gadget"", ""quantity"": 2, ""price"": 150.0}]"
"129","Customer 129","""+49-4678260300""","customer128@example.com","1129","2023-05-09","150.0","[{""product_id"": ""A1"", ""product_name"": ""Widget"", ""quantity"": 1, ""price"": 50.0}, {""product_id"": ""C1"", ""product_name"": ""Doohickey"", ""quantity"": 2, ""price"": 50.0}]"
"130","Customer 130","""""","CUSTOMER129@EXAMPLE.COM","1130","2023-05-10","150.0","[{""product_id"": ""A1"", ""product_name"": ""Widget"", ""quantity"": 1, ""price"": 50.0}, {""product_id"": ""C1"", ""product_name"": ""Doohickey"", ""quantity"": 2, ""price"": 50.0}]"
"131","Customer 131","""+34-7680585522""","customer130@example.com","1131","2023-05-11","150.0","[{""product_id"": ""A1"", ""product_name"": ""Widget"", ""quantity"": 1, ""price"": 50.0}, {""product_id"": ""C1"", ""product_name"": ""Doohickey"", ""quantity"": 2, ""price"": 50.0}]"
"132","Customer 132","""+61-8534474749""","customer131@example.com","1132","2023-05-12","300.0","[{""product_id"": ""B1"", ""product_name"": ""Gadget"", ""quantity"": 2, ""price"": 150.0}]"
"133","Customer 133","""+81-5482262150""","customer132@example.com","1133","2023-05-13","300.0","[{""product_id"": ""B1"", ""product_name"": ""Gadget"", ""quantity"": 2, ""price"": 150.0}]"
"134","Customer 134","""+33-5908156626""","customer133@example.com","1134","2023-05-14","250.0","[{""product_id"": ""A1"", ""product_name"": ""Widget"", ""quantity"": 2, ""price"": 50.0}, {""product_id"": ""B1"", ""product_name"": ""Gadget"", ""quantity"": 1, ""price"": 150.0}]"
"135","Customer 135","""+34-2252284901""","","1135","2023-05-15","150.0","[{""product_id"": ""A1"", ""product_name"": ""Widget"", ""quantity"": 1, ""price"": 50.0}, {""product_id"": ""C1"", ""product_name"": ""Doohickey"", ""quantity"": 2, ""price"": 50.0}]"
"136","Customer 136","""""","","1136","2023-05-16","150.0","[{""product_id"": ""A1"", ""product_name"": ""Widget"", ""quantity"": 1, ""price"": 50.0}, {""product_id"": ""C1"", ""product_name"": ""Doohickey"", ""quantity"": 2, ""price"": 50.0}]"
"137","Customer 137","""+86-4936442416""","N/A","1137","2023-05-17","300.0","[{""product_id"": ""B1"", ""product_name"": ""Gadget"", ""quantity"": 2, ""price"": 150.0}]"
"138","Customer 138","""+49-8204741434""","customer137@example.com","1138","2023-05-18","150.0","[{""product_id"": ""A1"", ""product_name"": ""Widget"", ""quantity"": 1, ""price"": 50.0}, {""product_id"": ""C1"", ""product_name"": ""Doohickey"", ""quantity"": 2, ""price"": 50.0}]"
"139","Customer 139","""+91-9360413131""","CUSTOMER138@EXAMPLE.COM","1139","2023-05-19","150.0","[{""product_id"": ""A1"", ""product_name"": ""Widget"", ""quantity"": 1, ""price"": 50.0}, {""product_id"": ""C1"", ""product_name"": ""Doohickey"", ""quantity"": 2, ""price"": 50.0}]"
"140","Customer 140","""+1-2162954759""","","1140","2023-05-20","150.0","[{""product_id"": ""A1"", ""product_name"": ""Widget"", ""quantity"": 1, ""price"": 50.0}, {""product_id"": ""C1"", ""product_name"": ""Doohickey"", ""quantity"": 2, ""price"": 50.0}]"
"141","Customer 141","""""","customer140@example.com","1141","2023-05-21","150.0","[{""product_id"": ""A1"", ""product_name"": ""Widget"", ""quantity"": 1, ""price"": 50.0}, {""product_id"": ""C1"", ""product_name"": ""Doohickey"", ""quantity"": 2, ""price"": 50.0}]"
"142","Customer 142","""+61-9676485070""","customer141@example.com","1142","2023-05-22","250.0","[{""product_id"": ""A1"", ""product_name"": ""Widget"", ""quantity"": 2, ""price"": 50.0}, {""product_id"": ""B1"", ""product_name"": ""Gadget"", ""quantity"": 1, ""price"": 150.0}]"
"143","Customer 143","""N/A""","CUSTOMER142@EXAMPLE.COM","1143","2023-05-23","300.0","[{""product_id"": ""B1"", ""product_name"": ""Gadget"", ""quantity"": 2, ""price"": 150.0}]"
"144","Customer 144","""+61-9637450594""","CUSTOMER143@EXAMPLE.COM","1144","2023-05-24","250.0","[{""product_id"": ""A1"", ""product_name"": ""Widget"", ""quantity"": 2, ""price"": 50.0}, {""product_id"": ""B1"", ""product_name"": ""Gadget"", ""quantity"": 1, ""price"": 150.0}]"
"145","Customer 145","""+44-7268100480""","","1145","2023-05-25","300.0","[{""product_id"": ""B1"", ""product_name"": ""Gadget"", ""quantity"": 2, ""price"": 150.0}]"
"146","Customer 146","""+86-1163787332""","customer145@example.com","1146","2023-05-26","300.0","[{""product_id"": ""B1"", ""product_name"": ""Gadget"", ""quantity"": 2, ""price"": 150.0}]"
"147","Customer 147","""+33-7932441708""","customer146@example.com","1147","2023-05-27","150.0","[{""product_id"": ""A1"", ""product_name"": ""Widget"", ""quantity"": 1, ""price"": 50.0}, {""product_id"": ""C1"", ""product_name"": ""Doohickey"", ""quantity"": 2, ""price"": 50.0}]"
"148","Customer 148","""+91-9106143807""","CUSTOMER147@EXAMPLE.COM","1148","2023-05-28","250.0","[{""product_id"": ""A1"", ""product_name"": ""Widget"", ""quantity"": 2, ""price"": 50.0}, {""product_id"": ""B1"", ""product_name"": ""Gadget"", ""quantity"": 1, ""price"": 150.0}]"
"149","Customer 149","""+91-8664597173""","CUSTOMER148@EXAMPLE.COM","1149","2023-05-29","250.0","[{""product_id"": ""A1"", ""product_name"": ""Widget"", ""quantity"": 2, ""price"": 50.0}, {""product_id"": ""B1"", ""product_name"": ""Gadget"", ""quantity"": 1, ""price"": 150.0}]"
"150","Customer 150","""N/A""","CUSTOMER149@EXAMPLE.COM","1150","2023-05-30","150.0","[{""product_id"": ""A1"", ""product_name"": ""Widget"", ""quantity"": 1, ""price"": 50.0}, {""product_id"": ""C1"", ""product_name"": ""Doohickey"", ""quantity"": 2, ""price"": 50.0}]"
"151","Customer 151","","CUSTOMER150@EXAMPLE.COM","1151","2023-05-31","300.0","[{""product_id"": ""B1"", ""product_name"": ""Gadget"", ""quantity"": 2, ""price"": 150.0}]"
"152","Customer 152","""+81-3731390548""","","1152","2023-06-01","250.0","[{""product_id"": ""A1"", ""product_name"": ""Widget"", ""quantity"": 2, ""price"": 50.0}, {""product_id"": ""B1"", ""product_name"": ""Gadget"", ""quantity"": 1, ""price"": 150.0}]"
"153","Customer 153","""+39-9502369382""","customer152@example.com","1153","2023-06-02","250.0","[{""product_id"": ""A1"", ""product_name"": ""Widget"", ""quantity"": 2, ""price"": 50.0}, {""product_id"": ""B1"", ""product_name"": ""Gadget"", ""quantity"": 1, ""price"": 150.0}]"
"154","Customer 154","""+33-1715424173""","CUSTOMER153@EXAMPLE.COM","1154","2023-06-03","300.0","[{""product_id"": ""B1"", ""product_name"": ""Gadget"", ""quantity"": 2, ""price"": 150.0}]"
"155","Customer 155","""+49-9887491974""","CUSTOMER154@EXAMPLE.COM","1155","2023-06-04","150.0","[{""product_id"": ""A1"", ""product_name"": ""Widget"", ""quantity"": 1, ""price"": 50.0}, {""product_id"": ""C1"", ""product_name"": ""Doohickey"", ""quantity"": 2, ""price"": 50.0}]"
"156","Customer 156","""+86-4432338381""","CUSTOMER155@EXAMPLE.COM","1156","2023-06-05","150.0","[{""product_id"": ""A1"", ""product_name"": ""Widget"", ""quantity"": 1, ""price"": 50.0}, {""product_id"": ""C1"", ""product_name"": ""Doohickey"", ""quantity"": 2, ""price"": 50.0}]"
"157","Customer 157","""+39-4943410142""","CUSTOMER156@EXAMPLE.COM","1157","2023-06-06","300.0","[{""product_id"": ""B1"", ""product_name"": ""Gadget"", ""quantity"": 2, ""price"": 150.0}]"
"158","Customer 158","","N/A","1158","2023-06-07","300.0","[{""product_id"": ""B1"", ""product_name"": ""Gadget"", ""quantity"": 2, ""price"": 150.0}]"
"159","Customer 159","""+44-9258542113""","customer158@example.com","1159","2023-06-08","250.0","[{""product_id"": ""A1"", ""product_name"": ""Widget"", ""quantity"": 2, ""price"": 50.0}, {""product_id"": ""B1"", ""product_name"": ""Gadget"", ""quantity"": 1, ""price"": 150.0}]"
"160","Customer 160","""+44-9233349770""","customer159@example.com","1160","2023-06-09","250.0","[{""product_id"": ""A1"", ""product_name"": ""Widget"", ""quantity"": 2, ""price"": 50.0}, {""product_id"": ""B1"", ""product_name"": ""Gadget"", ""quantity"": 1, ""price"": 150.0}]"
"161","Customer 161","""+91-2471232318""","customer160@example.com","1161","2023-06-10","250.0","[{""product_id"": ""A1"", ""product_name"": ""Widget"", ""quantity"": 2, ""price"": 50.0}, {""product_id"": ""B1"", ""product_name"": ""Gadget"", ""quantity"": 1, ""price"": 150.0}]"
"162","Customer 162","""+33-4614814705""","CUSTOMER161@EXAMPLE.COM","1162","2023-06-11","300.0","[{""product_id"": ""B1"", ""product_name"": ""Gadget"", ""quantity"": 2, ""price"": 150.0}]"
"163","Customer 163","""+81-6557976445""","CUSTOMER162@EXAMPLE.COM","1163","2023-06-12","150.0","[{""product_id"": ""A1"", ""product_name"": ""Widget"", ""quantity"": 1, ""price"": 50.0}, {""product_id"": ""C1"", ""product_name"": ""Doohickey"", ""quantity"": 2, ""price"": 50.0}]"
"164","Customer 164","""+44-1145759936""","CUSTOMER163@EXAMPLE.COM","1164","2023-06-13","300.0","[{""product_id"": ""B1"", ""product_name"": ""Gadget"", ""quantity"": 2, ""price"": 150.0}]"
"165","Customer 165","""+33-5592612343""","CUSTOMER164@EXAMPLE.COM","1165","2023-06-14","250.0","[{""product_id"": ""A1"", ""product_name"": ""Widget"", ""quantity"": 2, ""price"": 50.0}, {""product_id"": ""B1"", ""product_name"": ""Gadget"", ""quantity"": 1, ""price"": 150.0}]"
"166","Customer 166","""+91-2454332872""","customer165@example.com","1166","2023-06-15","250.0","[{""product_id"": ""A1"", ""product_name"": ""Widget"", ""quantity"": 2, ""price"": 50.0}, {""product_id"": ""B1"", ""product_name"": ""Gadget"", ""quantity"": 1, ""price"": 150.0}]"
"167","Customer 167","""+91-9981853836""","CUSTOMER166@EXAMPLE.COM","1167","2023-06-16","300.0","[{""product_id"": ""B1"", ""product_name"": ""Gadget"", ""quantity"": 2, ""price"": 150.0}]"
"168","Customer 168","""+49-5869191366""","customer167@example.com","1168","2023-06-17","150.0","[{""product_id"": ""A1"", ""product_name"": ""Widget"", ""quantity"": 1, ""price"": 50.0}, {""product_id"": ""C1"", ""product_name"": ""Doohickey"", ""quantity"": 2, ""price"": 50.0}]"
"169","Customer 169","""+1-9934135415""","customer168@example.com","1169","2023-06-18","150.0","[{""product_id"": ""A1"", ""product_name"": ""Widget"", ""quantity"": 1, ""price"": 50.0}, {""product_id"": ""C1"", ""product_name"": ""Doohickey"", ""quantity"": 2, ""price"": 50.0}]"
"170","Customer 170","""+39-4833208221""","CUSTOMER169@EXAMPLE.COM","1170","2023-06-19","150.0","[{""product_id"": ""A1"", ""product_name"": ""Widget"", ""quantity"": 1, ""price"": 50.0}, {""product_id"": ""C1"", ""product_name"": ""Doohickey"", ""quantity"": 2, ""price"": 50.0}]"
"171","Customer 171","""+91-3366540652""","CUSTOMER170@EXAMPLE.COM","1171","2023-06-20","300.0","[{""product_id"": ""B1"", ""product_name"": ""Gadget"", ""quantity"": 2, ""price"": 150.0}]"
"172","Customer 172","""+91-7866500837""","CUSTOMER171@EXAMPLE.COM","1172","2023-06-21","250.0","[{""product_id"": ""A1"", ""product_name"": ""Widget"", ""quantity"": 2, ""price"": 50.0}, {""product_id"": ""B1"", ""product_name"": ""Gadget"", ""quantity"": 1, ""price"": 150.0}]"
"173","Customer 173","""+61-1380043176""","customer172@example.com","1173","2023-06-22","250.0","[{""product_id"": ""A1"", ""product_name"": ""Widget"", ""quantity"": 2, ""price"": 50.0}, {""product_id"": ""B1"", ""product_name"": ""Gadget"", ""quantity"": 1, ""price"": 150.0}]"
"174","Customer 174","""+33-8274986708""","customer173@example.com","1174","2023-06-23","150.0","[{""product_id"": ""A1"", ""product_name"": ""Widget"", ""quantity"": 1, ""price"": 50.0}, {""product_id"": ""C1"", ""product_name"": ""Doohickey"", ""quantity"": 2, ""price"": 50.0}]"
"175","Customer 175","""+86-3683163374""","CUSTOMER174@EXAMPLE.COM","1175","2023-06-24","250.0","[{""product_id"": ""A1"", ""product_name"": ""Widget"", ""quantity"": 2, ""price"": 50.0}, {""product_id"": ""B1"", ""product_name"": ""Gadget"", ""quantity"": 1, ""price"": 150.0}]"
"176","Customer 176","""+61-1676512364""","CUSTOMER175@EXAMPLE.COM","1176","2023-06-25","250.0","[{""product_id"": ""A1"", ""product_name"": ""Widget"", ""quantity"": 2, ""price"": 50.0}, {""product_id"": ""B1"", ""product_name"": ""Gadget"", ""quantity"": 1, ""price"": 150.0}]"
"177","Customer 177","""+86-7693052937""","customer176@example.com","1177","2023-06-26","250.0","[{""product_id"": ""A1"", ""product_name"": ""Widget"", ""quantity"": 2, ""price"": 50.0}, {""product_id"": ""B1"", ""product_name"": ""Gadget"", ""quantity"": 1, ""price"": 150.0}]"
"178","Customer 178","""""","INVALID-EMAIL","1178","2023-06-27","150.0","[{""product_id"": ""A1"", ""product_name"": ""Widget"", ""quantity"": 1, ""price"": 50.0}, {""product_id"": ""C1"", ""product_name"": ""Doohickey"", ""quantity"": 2, ""price"": 50.0}]"
"179","Customer 179","""+81-2979770290""","CUSTOMER178@EXAMPLE.COM","1179","2023-06-28","300.0","[{""product_id"": ""B1"", ""product_name"": ""Gadget"", ""quantity"": 2, ""price"": 150.0}]"
"180","Customer 180","""+91-5481632442""","CUSTOMER179@EXAMPLE.COM","1180","2023-06-29","150.0","[{""product_id"": ""A1"", ""product_name"": ""Widget"", ""quantity"": 1, ""price"": 50.0}, {""product_id"": ""C1"", ""product_name"": ""Doohickey"", ""quantity"": 2, ""price"": 50.0}]"
"181","Customer 181","""+81-3563670539""","customer180@example.com","1181","2023-06-30","150.0","[{""product_id"": ""A1"", ""product_name"": ""Widget"", ""quantity"": 1, ""price"": 50.0}, {""product_id"": ""C1"", ""product_name"": ""Doohickey"", ""quantity"": 2, ""price"": 50.0}]"
"182","Customer 182","""+39-6974326529""","CUSTOMER181@EXAMPLE.COM","1182","2023-07-01","150.0","[{""product_id"": ""A1"", ""product_name"": ""Widget"", ""quantity"": 1, ""price"": 50.0}, {""product_id"": ""C1"", ""product_name"": ""Doohickey"", ""quantity"": 2, ""price"": 50.0}]"
"183","Customer 183","""+39-7016628678""","customer182@example.com","1183","2023-07-02","150.0","[{""product_id"": ""A1"", ""product_name"": ""Widget"", ""quantity"": 1, ""price"": 50.0}, {""product_id"": ""C1"", ""product_name"": ""Doohickey"", ""quantity"": 2, ""price"": 50.0}]"
"184","Customer 184","""+34-5228682210""","customer183@example.com","1184","2023-07-03","300.0","[{""product_id"": ""B1"", ""product_name"": ""Gadget"", ""quantity"": 2, ""price"": 150.0}]"
"185","Customer 185","""+44-7677587063""","customer184@example.com","1185","2023-07-04","150.0","[{""product_id"": ""A1"", ""product_name"": ""Widget"", ""quantity"": 1, ""price"": 50.0}, {""product_id"": ""C1"", ""product_name"": ""Doohickey"", ""quantity"": 2, ""price"": 50.0}]"
"186","Customer 186","""+86-4032403972""","customer185@example.com","1186","2023-07-05","150.0","[{""product_id"": ""A1"", ""product_name"": ""Widget"", ""quantity"": 1, ""price"": 50.0}, {""product_id"": ""C1"", ""product_name"": ""Doohickey"", ""quantity"": 2, ""price"": 50.0}]"
"187","Customer 187","""""","CUSTOMER186@EXAMPLE.COM","1187","2023-07-06","150.0","[{""product_id"": ""A1"", ""product_name"": ""Widget"", ""quantity"": 1, ""price"": 50.0}, {""product_id"": ""C1"", ""product_name"": ""Doohickey"", ""quantity"": 2, ""price"": 50.0}]"
"188","Customer 188","""+86-9727553245""","CUSTOMER187@EXAMPLE.COM","1188","2023-07-07","150.0","[{""product_id"": ""A1"", ""product_name"": ""Widget"", ""quantity"": 1, ""price"": 50.0}, {""product_id"": ""C1"", ""product_name"": ""Doohickey"", ""quantity"": 2, ""price"": 50.0}]"
"189","Customer 189","""+1-6686575173""","INVALID-EMAIL","1189","2023-07-08","300.0","[{""product_id"": ""B1"", ""product_name"": ""Gadget"", ""quantity"": 2, ""price"": 150.0}]"
"190","Customer 190","""+86-9909542910""","customer189@example.com","1190","2023-07-09","150.0","[{""product_id"": ""A1"", ""product_name"": ""Widget"", ""quantity"": 1, ""price"": 50.0}, {""product_id"": ""C1"", ""product_name"": ""Doohickey"", ""quantity"": 2, ""price"": 50.0}]"
"191","Customer 191","""+61-2830959975""","CUSTOMER190@EXAMPLE.COM","1191","2023-07-10","300.0","[{""product_id"": ""B1"", ""product_name"": ""Gadget"", ""quantity"": 2, ""price"": 150.0}]"
"192","Customer 192","""+1-1292613476""","CUSTOMER191@EXAMPLE.COM","1192","2023-07-11","300.0","[{""product_id"": ""B1"", ""product_name"": ""Gadget"", ""quantity"": 2, ""price"": 150.0}]"
"193","Customer 193","""+33-1354661169""","customer192@example.com","1193","2023-07-12","250.0","[{""product_id"": ""A1"", ""product_name"": ""Widget"", ""quantity"": 2, ""price"": 50.0}, {""product_id"": ""B1"", ""product_name"": ""Gadget"", ""quantity"": 1, ""price"": 150.0}]"
"194","Customer 194","","CUSTOMER193@EXAMPLE.COM","1194","2023-07-13","300.0","[{""product_id"": ""B1"", ""product_name"": ""Gadget"", ""quantity"": 2, ""price"": 150.0}]"
"195","Customer 195","""+91-5479064374""","","1195","2023-07-14","300.0","[{""product_id"": ""B1"", ""product_name"": ""Gadget"", ""quantity"": 2, ""price"": 150.0}]"
"196","Customer 196","""+86-4310747509""","CUSTOMER195@EXAMPLE.COM","1196","2023-07-15","300.0","[{""product_id"": ""B1"", ""product_name"": ""Gadget"", ""quantity"": 2, ""price"": 150.0}]"
"197","Customer 197","""+34-8366888189""","","1197","2023-07-16","150.0","[{""product_id"": ""A1"", ""product_name"": ""Widget"", ""quantity"": 1, ""price"": 50.0}, {""product_id"": ""C1"", ""product_name"": ""Doohickey"", ""quantity"": 2, ""price"": 50.0}]"
"198","Customer 198","""123456""","CUSTOMER197@EXAMPLE.COM","1198","2023-07-17","250.0","[{""product_id"": ""A1"", ""product_name"": ""Widget"", ""quantity"": 2, ""price"": 50.0}, {""product_id"": ""B1"", ""product_name"": ""Gadget"", ""quantity"": 1, ""price"": 150.0}]"
"199","Customer 199","""""","customer198@example.com","1199","2023-07-18","250.0","[{""product_id"": ""A1"", ""product_name"": ""Widget"", ""quantity"": 2, ""price"": 50.0}, {""product_id"": ""B1"", ""product_name"": ""Gadget"", ""quantity"": 1, ""price"": 150.0}]"
"200","Customer 200","""N/A""","CUSTOMER199@EXAMPLE.COM","1200","2023-07-19","250.0","[{""product_id"": ""A1"", ""product_name"": ""Widget"", ""quantity"": 2, ""price"": 50.0}, {""product_id"": ""B1"", ""product_name"": ""Gadget"", ""quantity"": 1, ""price"": 150.0}]"
"201","Customer 201","""+49-2983168418""","CUSTOMER200@EXAMPLE.COM","1201","2023-07-20","150.0","[{""product_id"": ""A1"", ""product_name"": ""Widget"", ""quantity"": 1, ""price"": 50.0}, {""product_id"": ""C1"", ""product_name"": ""Doohickey"", ""quantity"": 2, ""price"": 50.0}]"
"202","Customer 202","""+44-2371139595""","customer201@example.com","1202","2023-07-21","250.0","[{""product_id"": ""A1"", ""product_name"": ""Widget"", ""quantity"": 2, ""price"": 50.0}, {""product_id"": ""B1"", ""product_name"": ""Gadget"", ""quantity"": 1, ""price"": 150.0}]"
"203","Customer 203","""+86-4488473453""","customer202@example.com","1203","2023-07-22","250.0","[{""product_id"": ""A1"", ""product_name"": ""Widget"", ""quantity"": 2, ""price"": 50.0}, {""product_id"": ""B1"", ""product_name"": ""Gadget"", ""quantity"": 1, ""price"": 150.0}]"
"204","Customer 204","""+91-9694872026""","CUSTOMER203@EXAMPLE.COM","1204","2023-07-23","250.0","[{""product_id"": ""A1"", ""product_name"": ""Widget"", ""quantity"": 2, ""price"": 50.0}, {""product_id"": ""B1"", ""product_name"": ""Gadget"", ""quantity"": 1, ""price"": 150.0}]"
"205","Customer 205","""+33-3688514508""","CUSTOMER204@EXAMPLE.COM","1205","2023-07-24","300.0","[{""product_id"": ""B1"", ""product_name"": ""Gadget"", ""quantity"": 2, ""price"": 150.0}]"
"206","Customer 206","""+1-2321197837""","CUSTOMER205@EXAMPLE.COM","1206","2023-07-25","300.0","[{""product_id"": ""B1"", ""product_name"": ""Gadget"", ""quantity"": 2, ""price"": 150.0}]"
"207","Customer 207","""+81-1173020880""","customer206@example.com","1207","2023-07-26","150.0","[{""product_id"": ""A1"", ""product_name"": ""Widget"", ""quantity"": 1, ""price"": 50.0}, {""product_id"": ""C1"", ""product_name"": ""Doohickey"", ""quantity"": 2, ""price"": 50.0}]"
"208","Customer 208","""+39-6084366049""","customer207@example.com","1208","2023-07-27","300.0","[{""product_id"": ""B1"", ""product_name"": ""Gadget"", ""quantity"": 2, ""price"": 150.0}]"
"209","Customer 209","""+91-2797724794""","CUSTOMER208@EXAMPLE.COM","1209","2023-07-28","250.0","[{""product_id"": ""A1"", ""product_name"": ""Widget"", ""quantity"": 2, ""price"": 50.0}, {""product_id"": ""B1"", ""product_name"": ""Gadget"", ""quantity"": 1, ""price"": 150.0}]"
"210","Customer 210","""+39-3352703829""","CUSTOMER209@EXAMPLE.COM","1210","2023-07-29","150.0","[{""product_id"": ""A1"", ""product_name"": ""Widget"", ""quantity"": 1, ""price"": 50.0}, {""product_id"": ""C1"", ""product_name"": ""Doohickey"", ""quantity"": 2, ""price"": 50.0}]"
"211","Customer 211","""+33-8888480117""","CUSTOMER210@EXAMPLE.COM","1211","2023-07-30","150.0","[{""product_id"": ""A1"", ""product_name"": ""Widget"", ""quantity"": 1, ""price"": 50.0}, {""product_id"": ""C1"", ""product_name"": ""Doohickey"", ""quantity"": 2, ""price"": 50.0}]"
"212","Customer 212","""+81-4606183986""","customer211@example.com","1212","2023-07-31","300.0","[{""product_id"": ""B1"", ""product_name"": ""Gadget"", ""quantity"": 2, ""price"": 150.0}]"
"213","Customer 213","""+91-5361257483""","customer212@example.com","1213","2023-08-01","250.0","[{""product_id"": ""A1"", ""product_name"": ""Widget"", ""quantity"": 2, ""price"": 50.0}, {""product_id"": ""B1"", ""product_name"": ""Gadget"", ""quantity"": 1, ""price"": 150.0}]"
"214","Customer 214","""+1-9052026813""","customer213@example.com","1214","2023-08-02","150.0","[{""product_id"": ""A1"", ""product_name"": ""Widget"", ""quantity"": 1, ""price"": 50.0}, {""product_id"": ""C1"", ""product_name"": ""Doohickey"", ""quantity"": 2, ""price"": 50.0}]"
"215","Customer 215","""+1-1703301333""","CUSTOMER214@EXAMPLE.COM","1215","2023-08-03","300.0","[{""product_id"": ""B1"", ""product_name"": ""Gadget"", ""quantity"": 2, ""price"": 150.0}]"
"216","Customer 216","""+81-1341279893""","customer215@example.com","1216","2023-08-04","250.0","[{""product_id"": ""A1"", ""product_name"": ""Widget"", ""quantity"": 2, ""price"": 50.0}, {""product_id"": ""B1"", ""product_name"": ""Gadget"", ""quantity"": 1, ""price"": 150.0}]"
"217","Customer 217","""+81-4021113542""","customer216@example.com","1217","2023-08-05","150.0","[{""product_id"": ""A1"", ""product_name"": ""Widget"", ""quantity"": 1, ""price"": 50.0}, {""product_id"": ""C1"", ""product_name"": ""Doohickey"", ""quantity"": 2, ""price"": 50.0}]"
"218","Customer 218","","CUSTOMER217@EXAMPLE.COM","1218","2023-08-06","250.0","[{""product_id"": ""A1"", ""product_name"": ""Widget"", ""quantity"": 2, ""price"": 50.0}, {""product_id"": ""B1"", ""product_name"": ""Gadget"", ""quantity"": 1, ""price"": 150.0}]"
"219","Customer 219","""+49-3556219057""","customer218@example.com","1219","2023-08-07","250.0","[{""product_id"": ""A1"", ""product_name"": ""Widget"", ""quantity"": 2, ""price"": 50.0}, {""product_id"": ""B1"", ""product_name"": ""Gadget"", ""quantity"": 1, ""price"": 150.0}]"
"220","Customer 220","""+86-4767990683""","customer219@example.com","1220","2023-08-08","300.0","[{""product_id"": ""B1"", ""product_name"": ""Gadget"", ""quantity"": 2, ""price"": 150.0}]"
"221","Customer 221","""+81-6485388603""","CUSTOMER220@EXAMPLE.COM","1221","2023-08-09","150.0","[{""product_id"": ""A1"", ""product_name"": ""Widget"", ""quantity"": 1, ""price"": 50.0}, {""product_id"": ""C1"", ""product_name"": ""Doohickey"", ""quantity"": 2, ""price"": 50.0}]"
"222","Customer 222","""+81-3266080121""","customer221@example.com","1222","2023-08-10","150.0","[{""product_id"": ""A1"", ""product_name"": ""Widget"", ""quantity"": 1, ""price"": 50.0}, {""product_id"": ""C1"", ""product_name"": ""Doohickey"", ""quantity"": 2, ""price"": 50.0}]"
"223","Customer 223","""+81-4201468901""","CUSTOMER222@EXAMPLE.COM","1223","2023-08-11","300.0","[{""product_id"": ""B1"", ""product_name"": ""Gadget"", ""quantity"": 2, ""price"": 150.0}]"
"224","Customer 224","""+44-7338416493""","CUSTOMER223@EXAMPLE.COM","1224","2023-08-12","150.0","[{""product_id"": ""A1"", ""product_name"": ""Widget"", ""quantity"": 1, ""price"": 50.0}, {""product_id"": ""C1"", ""product_name"": ""Doohickey"", ""quantity"": 2, ""price"": 50.0}]"
"225","Customer 225","""+49-1878542218""","customer224@example.com","1225","2023-08-13","300.0","[{""product_id"": ""B1"", ""product_name"": ""Gadget"", ""quantity"": 2, ""price"": 150.0}]"
"226","Customer 226","""+91-5184969525""","n/a","1226","2023-08-14","300.0","[{""product_id"": ""B1"", ""product_name"": ""Gadget"", ""quantity"": 2, ""price"": 150.0}]"
"227","Customer 227","""+61-9439047693""","customer226@example.com","1227","2023-08-15","250.0","[{""product_id"": ""A1"", ""product_name"": ""Widget"", ""quantity"": 2, ""price"": 50.0}, {""product_id"": ""B1"", ""product_name"": ""Gadget"", ""quantity"": 1, ""price"": 150.0}]"
"228","Customer 228","""+86-8238053601""","customer227@example.com","1228","2023-08-16","300.0","[{""product_id"": ""B1"", ""product_name"": ""Gadget"", ""quantity"": 2, ""price"": 150.0}]"
"229","Customer 229","""+49-9238841684""","customer228@example.com","1229","2023-08-17","150.0","[{""product_id"": ""A1"", ""product_name"": ""Widget"", ""quantity"": 1, ""price"": 50.0}, {""product_id"": ""C1"", ""product_name"": ""Doohickey"", ""quantity"": 2, ""price"": 50.0}]"
"230","Customer 230","","customer229@example.com","1230","2023-08-18","300.0","[{""product_id"": ""B1"", ""product_name"": ""Gadget"", ""quantity"": 2, ""price"": 150.0}]"
"231","Customer 231","""+61-8330086552""","CUSTOMER230@EXAMPLE.COM","1231","2023-08-19","150.0","[{""product_id"": ""A1"", ""product_name"": ""Widget"", ""quantity"": 1, ""price"": 50.0}, {""product_id"": ""C1"", ""product_name"": ""Doohickey"", ""quantity"": 2, ""price"": 50.0}]"
"232","Customer 232","""N/A""","customer231@example.com","1232","2023-08-20","300.0","[{""product_id"": ""B1"", ""product_name"": ""Gadget"", ""quantity"": 2, ""price"": 150.0}]"
"233","Customer 233","""+39-2859008249""","N/A","1233","2023-08-21","150.0","[{""product_id"": ""A1"", ""product_name"": ""Widget"", ""quantity"": 1, ""price"": 50.0}, {""product_id"": ""C1"", ""product_name"": ""Doohickey"", ""quantity"": 2, ""price"": 50.0}]"
"234","Customer 234","""+86-5978988449""","CUSTOMER233@EXAMPLE.COM","1234","2023-08-22","250.0","[{""product_id"": ""A1"", ""product_name"": ""Widget"", ""quantity"": 2, ""price"": 50.0}, {""product_id"": ""B1"", ""product_name"": ""Gadget"", ""quantity"": 1, ""price"": 150.0}]"
"235","Customer 235","""""","CUSTOMER234@EXAMPLE.COM","1235","2023-08-23","250.0","[{""product_id"": ""A1"", ""product_name"": ""Widget"", ""quantity"": 2, ""price"": 50.0}, {""product_id"": ""B1"", ""product_name"": ""Gadget"", ""quantity"": 1, ""price"": 150.0}]"
"236","Customer 236","""+86-5506418394""","CUSTOMER235@EXAMPLE.COM","1236","2023-08-24","150.0","[{""product_id"": ""A1"", ""product_name"": ""Widget"", ""quantity"": 1, ""price"": 50.0}, {""product_id"": ""C1"", ""product_name"": ""Doohickey"", ""quantity"": 2, ""price"": 50.0}]"
"237","Customer 237","""+49-8814502762""","CUSTOMER236@EXAMPLE.COM","1237","2023-08-25","150.0","[{""product_id"": ""A1"", ""product_name"": ""Widget"", ""quantity"": 1, ""price"": 50.0}, {""product_id"": ""C1"", ""product_name"": ""Doohickey"", ""quantity"": 2, ""price"": 50.0}]"
"238","Customer 238","""""","customer237@example.com","1238","2023-08-26","300.0","[{""product_id"": ""B1"", ""product_name"": ""Gadget"", ""quantity"": 2, ""price"": 150.0}]"
"239","Customer 239","""+86-5933021299""","CUSTOMER238@EXAMPLE.COM","1239","2023-08-27","150.0","[{""product_id"": ""A1"", ""product_name"": ""Widget"", ""quantity"": 1, ""price"": 50.0}, {""product_id"": ""C1"", ""product_name"": ""Doohickey"", ""quantity"": 2, ""price"": 50.0}]"
"240","Customer 240","""+81-2835504062""","CUSTOMER239@EXAMPLE.COM","1240","2023-08-28","250.0","[{""product_id"": ""A1"", ""product_name"": ""Widget"", ""quantity"": 2, ""price"": 50.0}, {""product_id"": ""B1"", ""product_name"": ""Gadget"", ""quantity"": 1, ""price"": 150.0}]"
"241","Customer 241","""+81-1621006247""","CUSTOMER240@EXAMPLE.COM","1241","2023-08-29","250.0","[{""product_id"": ""A1"", ""product_name"": ""Widget"", ""quantity"": 2, ""price"": 50.0}, {""product_id"": ""B1"", ""product_name"": ""Gadget"", ""quantity"": 1, ""price"": 150.0}]"
"242","Customer 242","""+81-7074804211""","customer241@example.com","1242","2023-08-30","250.0","[{""product_id"": ""A1"", ""product_name"": ""Widget"", ""quantity"": 2, ""price"": 50.0}, {""product_id"": ""B1"", ""product_name"": ""Gadget"", ""quantity"": 1, ""price"": 150.0}]"
"243","Customer 243","""+61-4153070656""","customer242@example.com","1243","2023-08-31","300.0","[{""product_id"": ""B1"", ""product_name"": ""Gadget"", ""quantity"": 2, ""price"": 150.0}]"
"244","Customer 244","""+34-9707268143""","CUSTOMER243@EXAMPLE.COM","1244","2023-09-01","300.0","[{""product_id"": ""B1"", ""product_name"": ""Gadget"", ""quantity"": 2, ""price"": 150.0}]"
"245","Customer 245","""+86-2368496022""","customer244@example.com","1245","2023-09-02","250.0","[{""product_id"": ""A1"", ""product_name"": ""Widget"", ""quantity"": 2, ""price"": 50.0}, {""product_id"": ""B1"", ""product_name"": ""Gadget"", ""quantity"": 1, ""price"": 150.0}]"
"246","Customer 246","""+44-4895627881""","CUSTOMER245@EXAMPLE.COM","1246","2023-09-03","250.0","[{""product_id"": ""A1"", ""product_name"": ""Widget"", ""quantity"": 2, ""price"": 50.0}, {""product_id"": ""B1"", ""product_name"": ""Gadget"", ""quantity"": 1, ""price"": 150.0}]"
"247","Customer 247","""N/A""","customer246@example.com","1247","2023-09-04","300.0","[{""product_id"": ""B1"", ""product_name"": ""Gadget"", ""quantity"": 2, ""price"": 150.0}]"
"248","Customer 248","""+44-5231366826""","CUSTOMER247@EXAMPLE.COM","1248","2023-09-05","300.0","[{""product_id"": ""B1"", ""product_name"": ""Gadget"", ""quantity"": 2, ""price"": 150.0}]"
"249","Customer 249","""+61-7086441750""","CUSTOMER248@EXAMPLE.COM","1249","2023-09-06","300.0","[{""product_id"": ""B1"", ""product_name"": ""Gadget"", ""quantity"": 2, ""price"": 150.0}]"
"250","Customer 250","""+33-9129512267""","customer249@example.com","1250","2023-09-07","150.0","[{""product_id"": ""A1"", ""product_name"": ""Widget"", ""quantity"": 1, ""price"": 50.0}, {""product_id"": ""C1"", ""product_name"": ""Doohickey"", ""quantity"": 2, ""price"": 50.0}]"
"251","Customer 251","""+33-5605357949""","CUSTOMER250@EXAMPLE.COM","1251","2023-09-08","300.0","[{""product_id"": ""B1"", ""product_name"": ""Gadget"", ""quantity"": 2, ""price"": 150.0}]"
"252","Customer 252","""+61-9443050079""","customer251@example.com","1252","2023-09-09","150.0","[{""product_id"": ""A1"", ""product_name"": ""Widget"", ""quantity"": 1, ""price"": 50.0}, {""product_id"": ""C1"", ""product_name"": ""Doohickey"", ""quantity"": 2, ""price"": 50.0}]"
"253","Customer 253","""+44-4057547894""","customer252@example.com","1253","2023-09-10","150.0","[{""product_id"": ""A1"", ""product_name"": ""Widget"", ""quantity"": 1, ""price"": 50.0}, {""product_id"": ""C1"", ""product_name"": ""Doohickey"", ""quantity"": 2, ""price"": 50.0}]"
"254","Customer 254","""+61-2946551369""","CUSTOMER253@EXAMPLE.COM","1254","2023-09-11","300.0","[{""product_id"": ""B1"", ""product_name"": ""Gadget"", ""quantity"": 2, ""price"": 150.0}]"
"255","Customer 255","""+49-8557220125""","customer254@example.com","1255","2023-09-12","250.0","[{""product_id"": ""A1"", ""product_name"": ""Widget"", ""quantity"": 2, ""price"": 50.0}, {""product_id"": ""B1"", ""product_name"": ""Gadget"", ""quantity"": 1, ""price"": 150.0}]"
"256","Customer 256","""+81-4883993169""","customer255@example.com","1256","2023-09-13","300.0","[{""product_id"": ""B1"", ""product_name"": ""Gadget"", ""quantity"": 2, ""price"": 150.0}]"
"257","Customer 257","""+91-6524652216""","N/A","1257","2023-09-14","300.0","[{""product_id"": ""B1"", ""product_name"": ""Gadget"", ""quantity"": 2, ""price"": 150.0}]"
"258","Customer 258","""+81-2401425955""","customer257@example.com","1258","2023-09-15","150.0","[{""product_id"": ""A1"", ""product_name"": ""Widget"", ""quantity"": 1, ""price"": 50.0}, {""product_id"": ""C1"", ""product_name"": ""Doohickey"", ""quantity"": 2, ""price"": 50.0}]"
"259","Customer 259","""+91-8992162302""","CUSTOMER258@EXAMPLE.COM","1259","2023-09-16","300.0","[{""product_id"": ""B1"", ""product_name"": ""Gadget"", ""quantity"": 2, ""price"": 150.0}]"
"260","Customer 260","""+81-4141689707""","customer259@example.com","1260","2023-09-17","150.0","[{""product_id"": ""A1"", ""product_name"": ""Widget"", ""quantity"": 1, ""price"": 50.0}, {""product_id"": ""C1"", ""product_name"": ""Doohickey"", ""quantity"": 2, ""price"": 50.0}]"
"261","Customer 261","""+61-4108228810""","CUSTOMER260@EXAMPLE.COM","1261","2023-09-18","150.0","[{""product_id"": ""A1"", ""product_name"": ""Widget"", ""quantity"": 1, ""price"": 50.0}, {""product_id"": ""C1"", ""product_name"": ""Doohickey"", ""quantity"": 2, ""price"": 50.0}]"
"262","Customer 262","""+61-8225567498""","customer261@example.com","1262","2023-09-19","150.0","[{""product_id"": ""A1"", ""product_name"": ""Widget"", ""quantity"": 1, ""price"": 50.0}, {""product_id"": ""C1"", ""product_name"": ""Doohickey"", ""quantity"": 2, ""price"": 50.0}]"
"263","Customer 263","""+91-2888413712""","CUSTOMER262@EXAMPLE.COM","1263","2023-09-20","300.0","[{""product_id"": ""B1"", ""product_name"": ""Gadget"", ""quantity"": 2, ""price"": 150.0}]"
"264","Customer 264","""123456""","customer263@example.com","1264","2023-09-21","250.0","[{""product_id"": ""A1"", ""product_name"": ""Widget"", ""quantity"": 2, ""price"": 50.0}, {""product_id"": ""B1"", ""product_name"": ""Gadget"", ""quantity"": 1, ""price"": 150.0}]"
"265","Customer 265","""+49-3261105296""","CUSTOMER264@EXAMPLE.COM","1265","2023-09-22","300.0","[{""product_id"": ""B1"", ""product_name"": ""Gadget"", ""quantity"": 2, ""price"": 150.0}]"
"266","Customer 266","""+86-2911694264""","","1266","2023-09-23","300.0","[{""product_id"": ""B1"", ""product_name"": ""Gadget"", ""quantity"": 2, ""price"": 150.0}]"
"267","Customer 267","""+1-6961564037""","customer266@example.com","1267","2023-09-24","300.0","[{""product_id"": ""B1"", ""product_name"": ""Gadget"", ""quantity"": 2, ""price"": 150.0}]"
"268","Customer 268","""+44-1473086384""","customer267@example.com","1268","2023-09-25","250.0","[{""product_id"": ""A1"", ""product_name"": ""Widget"", ""quantity"": 2, ""price"": 50.0}, {""product_id"": ""B1"", ""product_name"": ""Gadget"", ""quantity"": 1, ""price"": 150.0}]"
"269","Customer 269","""+39-8123988510""","customer268@example.com","1269","2023-09-26","150.0","[{""product_id"": ""A1"", ""product_name"": ""Widget"", ""quantity"": 1, ""price"": 50.0}, {""product_id"": ""C1"", ""product_name"": ""Doohickey"", ""quantity"": 2, ""price"": 50.0}]"
"270","Customer 270","""+39-7407366733""","CUSTOMER269@EXAMPLE.COM","1270","2023-09-27","150.0","[{""product_id"": ""A1"", ""product_name"": ""Widget"", ""quantity"": 1, ""price"": 50.0}, {""product_id"": ""C1"", ""product_name"": ""Doohickey"", ""quantity"": 2, ""price"": 50.0}]"
"271","Customer 271","""+86-1461393780""","CUSTOMER270@EXAMPLE.COM","1271","2023-09-28","300.0","[{""product_id"": ""B1"", ""product_name"": ""Gadget"", ""quantity"": 2, ""price"": 150.0}]"
"272","Customer 272","""+1-3857323622""","CUSTOMER271@EXAMPLE.COM","1272","2023-09-29","250.0","[{""product_id"": ""A1"", ""product_name"": ""Widget"", ""quantity"": 2, ""price"": 50.0}, {""product_id"": ""B1"", ""product_name"": ""Gadget"", ""quantity"": 1, ""price"": 150.0}]"
"273","Customer 273","""+49-3039873207""","CUSTOMER272@EXAMPLE.COM","1273","2023-09-30","250.0","[{""product_id"": ""A1"", ""product_name"": ""Widget"", ""quantity"": 2, ""price"": 50.0}, {""product_id"": ""B1"", ""product_name"": ""Gadget"", ""quantity"": 1, ""price"": 150.0}]"
"274","Customer 274","""""","customer273@example.com","1274","2023-10-01","250.0","[{""product_id"": ""A1"", ""product_name"": ""Widget"", ""quantity"": 2, ""price"": 50.0}, {""product_id"": ""B1"", ""product_name"": ""Gadget"", ""quantity"": 1, ""price"": 150.0}]"
"275","Customer 275","""+49-5053275023""","customer274@example.com","1275","2023-10-02","150.0","[{""product_id"": ""A1"", ""product_name"": ""Widget"", ""quantity"": 1, ""price"": 50.0}, {""product_id"": ""C1"", ""product_name"": ""Doohickey"", ""quantity"": 2, ""price"": 50.0}]"
"276","Customer 276","""+1-6133587824""","customer275@example.com","1276","2023-10-03","300.0","[{""product_id"": ""B1"", ""product_name"": ""Gadget"", ""quantity"": 2, ""price"": 150.0}]"
"277","Customer 277","""+49-5626554492""","customer276@example.com","1277","2023-10-04","300.0","[{""product_id"": ""B1"", ""product_name"": ""Gadget"", ""quantity"": 2, ""price"": 150.0}]"
"278","Customer 278","""+39-2710598265""","CUSTOMER277@EXAMPLE.COM","1278","2023-10-05","300.0","[{""product_id"": ""B1"", ""product_name"": ""Gadget"", ""quantity"": 2, ""price"": 150.0}]"
"279","Customer 279","""+61-3482109618""","CUSTOMER278@EXAMPLE.COM","1279","2023-10-06","250.0","[{""product_id"": ""A1"", ""product_name"": ""Widget"", ""quantity"": 2, ""price"": 50.0}, {""product_id"": ""B1"", ""product_name"": ""Gadget"", ""quantity"": 1, ""price"": 150.0}]"
"280","Customer 280","""+91-1677973214""","customer279@example.com","1280","2023-10-07","150.0","[{""product_id"": ""A1"", ""product_name"": ""Widget"", ""quantity"": 1, ""price"": 50.0}, {""product_id"": ""C1"", ""product_name"": ""Doohickey"", ""quantity"": 2, ""price"": 50.0}]"
"281","Customer 281","""+49-6767032152""","CUSTOMER280@EXAMPLE.COM","1281","2023-10-08","150.0","[{""product_id"": ""A1"", ""product_name"": ""Widget"", ""quantity"": 1, ""price"": 50.0}, {""product_id"": ""C1"", ""product_name"": ""Doohickey"", ""quantity"": 2, ""price"": 50.0}]"
"282","Customer 282","""+44-1313131974""","customer281@example.com","1282","2023-10-09","250.0","[{""product_id"": ""A1"", ""product_name"": ""Widget"", ""quantity"": 2, ""price"": 50.0}, {""product_id"": ""B1"", ""product_name"": ""Gadget"", ""quantity"": 1, ""price"": 150.0}]"
"283","Customer 283","""+34-8985087760""","CUSTOMER282@EXAMPLE.COM","1283","2023-10-10","150.0","[{""product_id"": ""A1"", ""product_name"": ""Widget"", ""quantity"": 1, ""price"": 50.0}, {""product_id"": ""C1"", ""product_name"": ""Doohickey"", ""quantity"": 2, ""price"": 50.0}]"
"284","Customer 284","""+81-7156293453""","CUSTOMER283@EXAMPLE.COM","1284","2023-10-11","300.0","[{""product_id"": ""B1"", ""product_name"": ""Gadget"", ""quantity"": 2, ""price"": 150.0}]"
"285","Customer 285","""+33-5139643175""","","1285","2023-10-12","150.0","[{""product_id"": ""A1"", ""product_name"": ""Widget"", ""quantity"": 1, ""price"": 50.0}, {""product_id"": ""C1"", ""product_name"": ""Doohickey"", ""quantity"": 2, ""price"": 50.0}]"
"286","Customer 286","""+81-9288027260""","CUSTOMER285@EXAMPLE.COM","1286","2023-10-13","250.0","[{""product_id"": ""A1"", ""product_name"": ""Widget"", ""quantity"": 2, ""price"": 50.0}, {""product_id"": ""B1"", ""product_name"": ""Gadget"", ""quantity"": 1, ""price"": 150.0}]"
"287","Customer 287","""+86-6859066524""","customer286@example.com","1287","2023-10-14","150.0","[{""product_id"": ""A1"", ""product_name"": ""Widget"", ""quantity"": 1, ""price"": 50.0}, {""product_id"": ""C1"", ""product_name"": ""Doohickey"", ""quantity"": 2, ""price"": 50.0}]"
"288","Customer 288","""+49-1154406674""","CUSTOMER287@EXAMPLE.COM","1288","2023-10-15","150.0","[{""product_id"": ""A1"", ""product_name"": ""Widget"", ""quantity"": 1, ""price"": 50.0}, {""product_id"": ""C1"", ""product_name"": ""Doohickey"", ""quantity"": 2, ""price"": 50.0}]"
"289","Customer 289","""N/A""","CUSTOMER288@EXAMPLE.COM","1289","2023-10-16","300.0","[{""product_id"": ""B1"", ""product_name"": ""Gadget"", ""quantity"": 2, ""price"": 150.0}]"
"290","Customer 290","""+1-5229573699""","","1290","2023-10-17","250.0","[{""product_id"": ""A1"", ""product_name"": ""Widget"", ""quantity"": 2, ""price"": 50.0}, {""product_id"": ""B1"", ""product_name"": ""Gadget"", ""quantity"": 1, ""price"": 150.0}]"
"291","Customer 291","""+33-9092993834""","CUSTOMER290@EXAMPLE.COM","1291","2023-10-18","300.0","[{""product_id"": ""B1"", ""product_name"": ""Gadget"", ""quantity"": 2, ""price"": 150.0}]"
"292","Customer 292","""+39-9410960308""","CUSTOMER291@EXAMPLE.COM","1292","2023-10-19","150.0","[{""product_id"": ""A1"", ""product_name"": ""Widget"", ""quantity"": 1, ""price"": 50.0}, {""product_id"": ""C1"", ""product_name"": ""Doohickey"", ""quantity"": 2, ""price"": 50.0}]"
"293","Customer 293","""+39-3983145506""","customer292@example.com","1293","2023-10-20","300.0","[{""product_id"": ""B1"", ""product_name"": ""Gadget"", ""quantity"": 2, ""price"": 150.0}]"
"294","Customer 294","""+33-7911524054""","CUSTOMER293@EXAMPLE.COM","1294","2023-10-21","300.0","[{""product_id"": ""B1"", ""product_name"": ""Gadget"", ""quantity"": 2, ""price"": 150.0}]"
"295","Customer 295","""+44-6526594427""","invalid-email","1295","2023-10-22","150.0","[{""product_id"": ""A1"", ""product_name"": ""Widget"", ""quantity"": 1, ""price"": 50.0}, {""product_id"": ""C1"", ""product_name"": ""Doohickey"", ""quantity"": 2, ""price"": 50.0}]"
"296","Customer 296","""+33-1384981460""","invalid-email","1296","2023-10-23","150.0","[{""product_id"": ""A1"", ""product_name"": ""Widget"", ""quantity"": 1, ""price"": 50.0}, {""product_id"": ""C1"", ""product_name"": ""Doohickey"", ""quantity"": 2, ""price"": 50.0}]"
"297","Customer 297","""123456""","INVALID-EMAIL","1297","2023-10-24","250.0","[{""product_id"": ""A1"", ""product_name"": ""Widget"", ""quantity"": 2, ""price"": 50.0}, {""product_id"": ""B1"", ""product_name"": ""Gadget"", ""quantity"": 1, ""price"": 150.0}]"
"298","Customer 298","""+61-9974684229""","CUSTOMER297@EXAMPLE.COM","1298","2023-10-25","150.0","[{""product_id"": ""A1"", ""product_name"": ""Widget"", ""quantity"": 1, ""price"": 50.0}, {""product_id"": ""C1"", ""product_name"": ""Doohickey"", ""quantity"": 2, ""price"": 50.0}]"
"299","Customer 299","""+1-4242018245""","CUSTOMER298@EXAMPLE.COM","1299","2023-10-26","300.0","[{""product_id"": ""B1"", ""product_name"": ""Gadget"", ""quantity"": 2, ""price"": 150.0}]"
"300","Customer 300","""+1-5181168914""","CUSTOMER299@EXAMPLE.COM","1300","2023-10-27","250.0","[{""product_id"": ""A1"", ""product_name"": ""Widget"", ""quantity"": 2, ""price"": 50.0}, {""product_id"": ""B1"", ""product_name"": ""Gadget"", ""quantity"": 1, ""price"": 150.0}]"
"301","Customer 301","""+44-3814752105""","CUSTOMER300@EXAMPLE.COM","1301","2023-10-28","150.0","[{""product_id"": ""A1"", ""product_name"": ""Widget"", ""quantity"": 1, ""price"": 50.0}, {""product_id"": ""C1"", ""product_name"": ""Doohickey"", ""quantity"": 2, ""price"": 50.0}]"
"302","Customer 302","""+91-8264280587""","customer301@example.com","1302","2023-10-29","300.0","[{""product_id"": ""B1"", ""product_name"": ""Gadget"", ""quantity"": 2, ""price"": 150.0}]"
"303","Customer 303","","customer302@example.com","1303","2023-10-30","150.0","[{""product_id"": ""A1"", ""product_name"": ""Widget"", ""quantity"": 1, ""price"": 50.0}, {""product_id"": ""C1"", ""product_name"": ""Doohickey"", ""quantity"": 2, ""price"": 50.0}]"
"304","Customer 304","""+44-4700317185""","","1304","2023-10-31","250.0","[{""product_id"": ""A1"", ""product_name"": ""Widget"", ""quantity"": 2, ""price"": 50.0}, {""product_id"": ""B1"", ""product_name"": ""Gadget"", ""quantity"": 1, ""price"": 150.0}]"
"305","Customer 305","""+44-9279690044""","INVALID-EMAIL","1305","2023-11-01","150.0","[{""product_id"": ""A1"", ""product_name"": ""Widget"", ""quantity"": 1, ""price"": 50.0}, {""product_id"": ""C1"", ""product_name"": ""Doohickey"", ""quantity"": 2, ""price"": 50.0}]"
"306","Customer 306","""+86-3109745269""","customer305@example.com","1306","2023-11-02","150.0","[{""product_id"": ""A1"", ""product_name"": ""Widget"", ""quantity"": 1, ""price"": 50.0}, {""product_id"": ""C1"", ""product_name"": ""Doohickey"", ""quantity"": 2, ""price"": 50.0}]"
"307","Customer 307","""+33-5000435846""","customer306@example.com","1307","2023-11-03","250.0","[{""product_id"": ""A1"", ""product_name"": ""Widget"", ""quantity"": 2, ""price"": 50.0}, {""product_id"": ""B1"", ""product_name"": ""Gadget"", ""quantity"": 1, ""price"": 150.0}]"
"308","Customer 308","""+81-4141722850""","CUSTOMER307@EXAMPLE.COM","1308","2023-11-04","150.0","[{""product_id"": ""A1"", ""product_name"": ""Widget"", ""quantity"": 1, ""price"": 50.0}, {""product_id"": ""C1"", ""product_name"": ""Doohickey"", ""quantity"": 2, ""price"": 50.0}]"
"309","Customer 309","""+44-7211868434""","CUSTOMER308@EXAMPLE.COM","1309","2023-11-05","300.0","[{""product_id"": ""B1"", ""product_name"": ""Gadget"", ""quantity"": 2, ""price"": 150.0}]"
"310","Customer 310","""+81-9630025289""","customer309@example.com","1310","2023-11-06","150.0","[{""product_id"": ""A1"", ""product_name"": ""Widget"", ""quantity"": 1, ""price"": 50.0}, {""product_id"": ""C1"", ""product_name"": ""Doohickey"", ""quantity"": 2, ""price"": 50.0}]"
"311","Customer 311","""+34-6522906545""","n/a","1311","2023-11-07","300.0","[{""product_id"": ""B1"", ""product_name"": ""Gadget"", ""quantity"": 2, ""price"": 150.0}]"
"312","Customer 312","""+44-8207781830""","CUSTOMER311@EXAMPLE.COM","1312","2023-11-08","300.0","[{""product_id"": ""B1"", ""product_name"": ""Gadget"", ""quantity"": 2, ""price"": 150.0}]"
"313","Customer 313","""+33-3377340280""","N/A","1313","2023-11-09","150.0","[{""product_id"": ""A1"", ""product_name"": ""Widget"", ""quantity"": 1, ""price"": 50.0}, {""product_id"": ""C1"", ""product_name"": ""Doohickey"", ""quantity"": 2, ""price"": 50.0}]"
"314","Customer 314","""+49-7989343841""","CUSTOMER313@EXAMPLE.COM","1314","2023-11-10","250.0","[{""product_id"": ""A1"", ""product_name"": ""Widget"", ""quantity"": 2, ""price"": 50.0}, {""product_id"": ""B1"", ""product_name"": ""Gadget"", ""quantity"": 1, ""price"": 150.0}]"
"315","Customer 315","""+61-1807369225""","customer314@example.com","1315","2023-11-11","150.0","[{""product_id"": ""A1"", ""product_name"": ""Widget"", ""quantity"": 1, ""price"": 50.0}, {""product_id"": ""C1"", ""product_name"": ""Doohickey"", ""quantity"": 2, ""price"": 50.0}]"
"316","Customer 316","""+1-7537482819""","customer315@example.com","1316","2023-11-12","150.0","[{""product_id"": ""A1"", ""product_name"": ""Widget"", ""quantity"": 1, ""price"": 50.0}, {""product_id"": ""C1"", ""product_name"": ""Doohickey"", ""quantity"": 2, ""price"": 50.0}]"
"317","Customer 317","""+34-1430240919""","","1317","2023-11-13","300.0","[{""product_id"": ""B1"", ""product_name"": ""Gadget"", ""quantity"": 2, ""price"": 150.0}]"
"318","Customer 318","""+44-8820296578""","invalid-email","1318","2023-11-14","250.0","[{""product_id"": ""A1"", ""product_name"": ""Widget"", ""quantity"": 2, ""price"": 50.0}, {""product_id"": ""B1"", ""product_name"": ""Gadget"", ""quantity"": 1, ""price"": 150.0}]"
"319","Customer 319","""+34-2523678837""","customer318@example.com","1319","2023-11-15","300.0","[{""product_id"": ""B1"", ""product_name"": ""Gadget"", ""quantity"": 2, ""price"": 150.0}]"
"320","Customer 320","""+1-9518417403""","CUSTOMER319@EXAMPLE.COM","1320","2023-11-16","250.0","[{""product_id"": ""A1"", ""product_name"": ""Widget"", ""quantity"": 2, ""price"": 50.0}, {""product_id"": ""B1"", ""product_name"": ""Gadget"", ""quantity"": 1, ""price"": 150.0}]"
"321","Customer 321","""+39-2993709120""","customer320@example.com","1321","2023-11-17","150.0","[{""product_id"": ""A1"", ""product_name"": ""Widget"", ""quantity"": 1, ""price"": 50.0}, {""product_id"": ""C1"", ""product_name"": ""Doohickey"", ""quantity"": 2, ""price"": 50.0}]"
"322","Customer 322","","customer321@example.com","1322","2023-11-18","250.0","[{""product_id"": ""A1"", ""product_name"": ""Widget"", ""quantity"": 2, ""price"": 50.0}, {""product_id"": ""B1"", ""product_name"": ""Gadget"", ""quantity"": 1, ""price"": 150.0}]"
"323","Customer 323","""+91-2771182816""","CUSTOMER322@EXAMPLE.COM","1323","2023-11-19","250.0","[{""product_id"": ""A1"", ""product_name"": ""Widget"", ""quantity"": 2, ""price"": 50.0}, {""product_id"": ""B1"", ""product_name"": ""Gadget"", ""quantity"": 1, ""price"": 150.0}]"
"324","Customer 324","""+81-4113657790""","CUSTOMER323@EXAMPLE.COM","1324","2023-11-20","150.0","[{""product_id"": ""A1"", ""product_name"": ""Widget"", ""quantity"": 1, ""price"": 50.0}, {""product_id"": ""C1"", ""product_name"": ""Doohickey"", ""quantity"": 2, ""price"": 50.0}]"
"325","Customer 325","""+1-9584415343""","customer324@example.com","1325","2023-11-21","250.0","[{""product_id"": ""A1"", ""product_name"": ""Widget"", ""quantity"": 2, ""price"": 50.0}, {""product_id"": ""B1"", ""product_name"": ""Gadget"", ""quantity"": 1, ""price"": 150.0}]"
"326","Customer 326","""+91-5990687289""","customer325@example.com","1326","2023-11-22","250.0","[{""product_id"": ""A1"", ""product_name"": ""Widget"", ""quantity"": 2, ""price"": 50.0}, {""product_id"": ""B1"", ""product_name"": ""Gadget"", ""quantity"": 1, ""price"": 150.0}]"
"327","Customer 327","""+81-6286295083""","CUSTOMER326@EXAMPLE.COM","1327","2023-11-23","150.0","[{""product_id"": ""A1"", ""product_name"": ""Widget"", ""quantity"": 1, ""price"": 50.0}, {""product_id"": ""C1"", ""product_name"": ""Doohickey"", ""quantity"": 2, ""price"": 50.0}]"
"328","Customer 328","""+34-3387280954""","customer327@example.com","1328","2023-11-24","250.0","[{""product_id"": ""A1"", ""product_name"": ""Widget"", ""quantity"": 2, ""price"": 50.0}, {""product_id"": ""B1"", ""product_name"": ""Gadget"", ""quantity"": 1, ""price"": 150.0}]"
"329","Customer 329","""+33-8355010844""","customer328@example.com","1329","2023-11-25","150.0","[{""product_id"": ""A1"", ""product_name"": ""Widget"", ""quantity"": 1, ""price"": 50.0}, {""product_id"": ""C1"", ""product_name"": ""Doohickey"", ""quantity"": 2, ""price"": 50.0}]"
"330","Customer 330","""+39-4159830576""","CUSTOMER329@EXAMPLE.COM","1330","2023-11-26","300.0","[{""product_id"": ""B1"", ""product_name"": ""Gadget"", ""quantity"": 2, ""price"": 150.0}]"
"331","Customer 331","""+91-5781680398""","CUSTOMER330@EXAMPLE.COM","1331","2023-11-27","150.0","[{""product_id"": ""A1"", ""product_name"": ""Widget"", ""quantity"": 1, ""price"": 50.0}, {""product_id"": ""C1"", ""product_name"": ""Doohickey"", ""quantity"": 2, ""price"": 50.0}]"
"332","Customer 332","""+34-7234242753""","CUSTOMER331@EXAMPLE.COM","1332","2023-11-28","150.0","[{""product_id"": ""A1"", ""product_name"": ""Widget"", ""quantity"": 1, ""price"": 50.0}, {""product_id"": ""C1"", ""product_name"": ""Doohickey"", ""quantity"": 2, ""price"": 50.0}]"
"333","Customer 333","""+44-8063909013""","customer332@example.com","1333","2023-11-29","250.0","[{""product_id"": ""A1"", ""product_name"": ""Widget"", ""quantity"": 2, ""price"": 50.0}, {""product_id"": ""B1"", ""product_name"": ""Gadget"", ""quantity"": 1, ""price"": 150.0}]"
"334","Customer 334","""+81-5201334404""","","1334","2023-11-30","150.0","[{""product_id"": ""A1"", ""product_name"": ""Widget"", ""quantity"": 1, ""price"": 50.0}, {""product_id"": ""C1"", ""product_name"": ""Doohickey"", ""quantity"": 2, ""price"": 50.0}]"
"335","Customer 335","""+1-3302864879""","customer334@example.com","1335","2023-12-01","300.0","[{""product_id"": ""B1"", ""product_name"": ""Gadget"", ""quantity"": 2, ""price"": 150.0}]"
"336","Customer 336","""+91-1018103680""","CUSTOMER335@EXAMPLE.COM","1336","2023-12-02","300.0","[{""product_id"": ""B1"", ""product_name"": ""Gadget"", ""quantity"": 2, ""price"": 150.0}]"
"337","Customer 337","""+44-3933963051""","CUSTOMER336@EXAMPLE.COM","1337","2023-12-03","150.0","[{""product_id"": ""A1"", ""product_name"": ""Widget"", ""quantity"": 1, ""price"": 50.0}, {""product_id"": ""C1"", ""product_name"": ""Doohickey"", ""quantity"": 2, ""price"": 50.0}]"
"338","Customer 338","""+86-3221625954""","customer337@example.com","1338","2023-12-04","150.0","[{""product_id"": ""A1"", ""product_name"": ""Widget"", ""quantity"": 1, ""price"": 50.0}, {""product_id"": ""C1"", ""product_name"": ""Doohickey"", ""quantity"": 2, ""price"": 50.0}]"
"339","Customer 339","""123456""","customer338@example.com","1339","2023-12-05","300.0","[{""product_id"": ""B1"", ""product_name"": ""Gadget"", ""quantity"": 2, ""price"": 150.0}]"
"340","Customer 340","""+39-3481961018""","CUSTOMER339@EXAMPLE.COM","1340","2023-12-06","250.0","[{""product_id"": ""A1"", ""product_name"": ""Widget"", ""quantity"": 2, ""price"": 50.0}, {""product_id"": ""B1"", ""product_name"": ""Gadget"", ""quantity"": 1, ""price"": 150.0}]"
"341","Customer 341","""+33-3426981604""","customer340@example.com","1341","2023-12-07","150.0","[{""product_id"": ""A1"", ""product_name"": ""Widget"", ""quantity"": 1, ""price"": 50.0}, {""product_id"": ""C1"", ""product_name"": ""Doohickey"", ""quantity"": 2, ""price"": 50.0}]"
"342","Customer 342","""+61-1266264002""","CUSTOMER341@EXAMPLE.COM","1342","2023-12-08","300.0","[{""product_id"": ""B1"", ""product_name"": ""Gadget"", ""quantity"": 2, ""price"": 150.0}]"
"343","Customer 343","""+39-1010413929""","customer342@example.com","1343","2023-12-09","300.0","[{""product_id"": ""B1"", ""product_name"": ""Gadget"", ""quantity"": 2, ""price"": 150.0}]"
"344","Customer 344","""+34-8330141783""","CUSTOMER343@EXAMPLE.COM","1344","2023-12-10","300.0","[{""product_id"": ""B1"", ""product_name"": ""Gadget"", ""quantity"": 2, ""price"": 150.0}]"
"345","Customer 345","""+61-3709307247""","customer344@example.com","1345","2023-12-11","150.0","[{""product_id"": ""A1"", ""product_name"": ""Widget"", ""quantity"": 1, ""price"": 50.0}, {""product_id"": ""C1"", ""product_name"": ""Doohickey"", ""quantity"": 2, ""price"": 50.0}]"
"346","Customer 346","""+34-7918497902""","customer345@example.com","1346","2023-12-12","250.0","[{""product_id"": ""A1"", ""product_name"": ""Widget"", ""quantity"": 2, ""price"": 50.0}, {""product_id"": ""B1"", ""product_name"": ""Gadget"", ""quantity"": 1, ""price"": 150.0}]"
"347","Customer 347","""""","CUSTOMER346@EXAMPLE.COM","1347","2023-12-13","250.0","[{""product_id"": ""A1"", ""product_name"": ""Widget"", ""quantity"": 2, ""price"": 50.0}, {""product_id"": ""B1"", ""product_name"": ""Gadget"", ""quantity"": 1, ""price"": 150.0}]"
"348","Customer 348","""+39-6247813702""","customer347@example.com","1348","2023-12-14","250.0","[{""product_id"": ""A1"", ""product_name"": ""Widget"", ""quantity"": 2, ""price"": 50.0}, {""product_id"": ""B1"", ""product_name"": ""Gadget"", ""quantity"": 1, ""price"": 150.0}]"
"349","Customer 349","""+81-4757268857""","CUSTOMER348@EXAMPLE.COM","1349","2023-12-15","300.0","[{""product_id"": ""B1"", ""product_name"": ""Gadget"", ""quantity"": 2, ""price"": 150.0}]"
"350","Customer 350","""+44-5685015517""","CUSTOMER349@EXAMPLE.COM","1350","2023-12-16","150.0","[{""product_id"": ""A1"", ""product_name"": ""Widget"", ""quantity"": 1, ""price"": 50.0}, {""product_id"": ""C1"", ""product_name"": ""Doohickey"", ""quantity"": 2, ""price"": 50.0}]"
"351","Customer 351","""+1-2366467700""","CUSTOMER350@EXAMPLE.COM","1351","2023-12-17","250.0","[{""product_id"": ""A1"", ""product_name"": ""Widget"", ""quantity"": 2, ""price"": 50.0}, {""product_id"": ""B1"", ""product_name"": ""Gadget"", ""quantity"": 1, ""price"": 150.0}]"
"352","Customer 352","""+86-8132096493""","customer351@example.com","1352","2023-12-18","150.0","[{""product_id"": ""A1"", ""product_name"": ""Widget"", ""quantity"": 1, ""price"": 50.0}, {""product_id"": ""C1"", ""product_name"": ""Doohickey"", ""quantity"": 2, ""price"": 50.0}]"
"353","Customer 353","""N/A""","customer352@example.com","1353","2023-12-19","150.0","[{""product_id"": ""A1"", ""product_name"": ""Widget"", ""quantity"": 1, ""price"": 50.0}, {""product_id"": ""C1"", ""product_name"": ""Doohickey"", ""quantity"": 2, ""price"": 50.0}]"
"354","Customer 354","""+34-6692150543""","customer353@example.com","1354","2023-12-20","150.0","[{""product_id"": ""A1"", ""product_name"": ""Widget"", ""quantity"": 1, ""price"": 50.0}, {""product_id"": ""C1"", ""product_name"": ""Doohickey"", ""quantity"": 2, ""price"": 50.0}]"
"355","Customer 355","""+49-6550916803""","CUSTOMER354@EXAMPLE.COM","1355","2023-12-21","300.0","[{""product_id"": ""B1"", ""product_name"": ""Gadget"", ""quantity"": 2, ""price"": 150.0}]"
"356","Customer 356","""+1-6677462462""","CUSTOMER355@EXAMPLE.COM","1356","2023-12-22","150.0","[{""product_id"": ""A1"", ""product_name"": ""Widget"", ""quantity"": 1, ""price"": 50.0}, {""product_id"": ""C1"", ""product_name"": ""Doohickey"", ""quantity"": 2, ""price"": 50.0}]"
"357","Customer 357","""+86-9361418761""","CUSTOMER356@EXAMPLE.COM","1357","2023-12-23","250.0","[{""product_id"": ""A1"", ""product_name"": ""Widget"", ""quantity"": 2, ""price"": 50.0}, {""product_id"": ""B1"", ""product_name"": ""Gadget"", ""quantity"": 1, ""price"": 150.0}]"
"358","Customer 358","""+1-8899281085""","CUSTOMER357@EXAMPLE.COM","1358","2023-12-24","250.0","[{""product_id"": ""A1"", ""product_name"": ""Widget"", ""quantity"": 2, ""price"": 50.0}, {""product_id"": ""B1"", ""product_name"": ""Gadget"", ""quantity"": 1, ""price"": 150.0}]"
"359","Customer 359","""+81-6413324172""","customer358@example.com","1359","2023-12-25","150.0","[{""product_id"": ""A1"", ""product_name"": ""Widget"", ""quantity"": 1, ""price"": 50.0}, {""product_id"": ""C1"", ""product_name"": ""Doohickey"", ""quantity"": 2, ""price"": 50.0}]"
"360","Customer 360","""+39-4003861901""","customer359@example.com","1360","2023-12-26","300.0","[{""product_id"": ""B1"", ""product_name"": ""Gadget"", ""quantity"": 2, ""price"": 150.0}]"
"361","Customer 361","""+86-2615562799""","CUSTOMER360@EXAMPLE.COM","1361","2023-12-27","300.0","[{""product_id"": ""B1"", ""product_name"": ""Gadget"", ""quantity"": 2, ""price"": 150.0}]"
"362","Customer 362","""+39-5530748290""","customer361@example.com","1362","2023-12-28","250.0","[{""product_id"": ""A1"", ""product_name"": ""Widget"", ""quantity"": 2, ""price"": 50.0}, {""product_id"": ""B1"", ""product_name"": ""Gadget"", ""quantity"": 1, ""price"": 150.0}]"
"363","Customer 363","""+34-7347780053""","CUSTOMER362@EXAMPLE.COM","1363","2023-12-29","250.0","[{""product_id"": ""A1"", ""product_name"": ""Widget"", ""quantity"": 2, ""price"": 50.0}, {""product_id"": ""B1"", ""product_name"": ""Gadget"", ""quantity"": 1, ""price"": 150.0}]"
"364","Customer 364","""+33-5347546226""","customer363@example.com","1364","2023-12-30","300.0","[{""product_id"": ""B1"", ""product_name"": ""Gadget"", ""quantity"": 2, ""price"": 150.0}]"
"365","Customer 365","""+44-4119334786""","customer364@example.com","1365","2023-12-31","300.0","[{""product_id"": ""B1"", ""product_name"": ""Gadget"", ""quantity"": 2, ""price"": 150.0}]"
"366","Customer 366","""+91-2978199793""","customer365@example.com","1366","2024-01-01","150.0","[{""product_id"": ""A1"", ""product_name"": ""Widget"", ""quantity"": 1, ""price"": 50.0}, {""product_id"": ""C1"", ""product_name"": ""Doohickey"", ""quantity"": 2, ""price"": 50.0}]"
"367","Customer 367","""+91-5230646183""","customer366@example.com","1367","2024-01-02","300.0","[{""product_id"": ""B1"", ""product_name"": ""Gadget"", ""quantity"": 2, ""price"": 150.0}]"
"368","Customer 368","""+39-1688430010""","CUSTOMER367@EXAMPLE.COM","1368","2024-01-03","250.0","[{""product_id"": ""A1"", ""product_name"": ""Widget"", ""quantity"": 2, ""price"": 50.0}, {""product_id"": ""B1"", ""product_name"": ""Gadget"", ""quantity"": 1, ""price"": 150.0}]"
"369","Customer 369","""+61-8289655556""","customer368@example.com","1369","2024-01-04","300.0","[{""product_id"": ""B1"", ""product_name"": ""Gadget"", ""quantity"": 2, ""price"": 150.0}]"
"370","Customer 370","""+33-9370950346""","CUSTOMER369@EXAMPLE.COM","1370","2024-01-05","250.0","[{""product_id"": ""A1"", ""product_name"": ""Widget"", ""quantity"": 2, ""price"": 50.0}, {""product_id"": ""B1"", ""product_name"": ""Gadget"", ""quantity"": 1, ""price"": 150.0}]"
"371","Customer 371","""+39-3605699167""","customer370@example.com","1371","2024-01-06","250.0","[{""product_id"": ""A1"", ""product_name"": ""Widget"", ""quantity"": 2, ""price"": 50.0}, {""product_id"": ""B1"", ""product_name"": ""Gadget"", ""quantity"": 1, ""price"": 150.0}]"
"372","Customer 372","""+39-5934659064""","customer371@example.com","1372","2024-01-07","150.0","[{""product_id"": ""A1"", ""product_name"": ""Widget"", ""quantity"": 1, ""price"": 50.0}, {""product_id"": ""C1"", ""product_name"": ""Doohickey"", ""quantity"": 2, ""price"": 50.0}]"
"373","Customer 373","""+91-1132340784""","customer372@example.com","1373","2024-01-08","250.0","[{""product_id"": ""A1"", ""product_name"": ""Widget"", ""quantity"": 2, ""price"": 50.0}, {""product_id"": ""B1"", ""product_name"": ""Gadget"", ""quantity"": 1, ""price"": 150.0}]"
"374","Customer 374","""+39-1994111697""","customer373@example.com","1374","2024-01-09","150.0","[{""product_id"": ""A1"", ""product_name"": ""Widget"", ""quantity"": 1, ""price"": 50.0}, {""product_id"": ""C1"", ""product_name"": ""Doohickey"", ""quantity"": 2, ""price"": 50.0}]"
"375","Customer 375","""+34-2824105208""","customer374@example.com","1375","2024-01-10","250.0","[{""product_id"": ""A1"", ""product_name"": ""Widget"", ""quantity"": 2, ""price"": 50.0}, {""product_id"": ""B1"", ""product_name"": ""Gadget"", ""quantity"": 1, ""price"": 150.0}]"
"376","Customer 376","""+61-1678500899""","","1376","2024-01-11","300.0","[{""product_id"": ""B1"", ""product_name"": ""Gadget"", ""quantity"": 2, ""price"": 150.0}]"
"377","Customer 377","""+33-9671905958""","customer376@example.com","1377","2024-01-12","250.0","[{""product_id"": ""A1"", ""product_name"": ""Widget"", ""quantity"": 2, ""price"": 50.0}, {""product_id"": ""B1"", ""product_name"": ""Gadget"", ""quantity"": 1, ""price"": 150.0}]"
"378","Customer 378","""+1-3138857140""","customer377@example.com","1378","2024-01-13","300.0","[{""product_id"": ""B1"", ""product_name"": ""Gadget"", ""quantity"": 2, ""price"": 150.0}]"
"379","Customer 379","""+81-7370485227""","CUSTOMER378@EXAMPLE.COM","1379","2024-01-14","300.0","[{""product_id"": ""B1"", ""product_name"": ""Gadget"", ""quantity"": 2, ""price"": 150.0}]"
"380","Customer 380","""+39-7199298591""","CUSTOMER379@EXAMPLE.COM","1380","2024-01-15","300.0","[{""product_id"": ""B1"", ""product_name"": ""Gadget"", ""quantity"": 2, ""price"": 150.0}]"
"381","Customer 381","""+44-1743948583""","CUSTOMER380@EXAMPLE.COM","1381","2024-01-16","150.0","[{""product_id"": ""A1"", ""product_name"": ""Widget"", ""quantity"": 1, ""price"": 50.0}, {""product_id"": ""C1"", ""product_name"": ""Doohickey"", ""quantity"": 2, ""price"": 50.0}]"
"382","Customer 382","""+39-4593760966""","CUSTOMER381@EXAMPLE.COM","1382","2024-01-17","300.0","[{""product_id"": ""B1"", ""product_name"": ""Gadget"", ""quantity"": 2, ""price"": 150.0}]"
"383","Customer 383","""+44-1436511123""","CUSTOMER382@EXAMPLE.COM","1383","2024-01-18","300.0","[{""product_id"": ""B1"", ""product_name"": ""Gadget"", ""quantity"": 2, ""price"": 150.0}]"
"384","Customer 384","""+33-2893283754""","customer383@example.com","1384","2024-01-19","250.0","[{""product_id"": ""A1"", ""product_name"": ""Widget"", ""quantity"": 2, ""price"": 50.0}, {""product_id"": ""B1"", ""product_name"": ""Gadget"", ""quantity"": 1, ""price"": 150.0}]"
"385","Customer 385","""+34-2651275141""","CUSTOMER384@EXAMPLE.COM","1385","2024-01-20","250.0","[{""product_id"": ""A1"", ""product_name"": ""Widget"", ""quantity"": 2, ""price"": 50.0}, {""product_id"": ""B1"", ""product_name"": ""Gadget"", ""quantity"": 1, ""price"": 150.0}]"
"386","Customer 386","""+86-1290261856""","INVALID-EMAIL","1386","2024-01-21","150.0","[{""product_id"": ""A1"", ""product_name"": ""Widget"", ""quantity"": 1, ""price"": 50.0}, {""product_id"": ""C1"", ""product_name"": ""Doohickey"", ""quantity"": 2, ""price"": 50.0}]"
"387","Customer 387","""+44-4458303492""","CUSTOMER386@EXAMPLE.COM","1387","2024-01-22","150.0","[{""product_id"": ""A1"", ""product_name"": ""Widget"", ""quantity"": 1, ""price"": 50.0}, {""product_id"": ""C1"", ""product_name"": ""Doohickey"", ""quantity"": 2, ""price"": 50.0}]"
"388","Customer 388","""+34-9459871253""","customer387@example.com","1388","2024-01-23","150.0","[{""product_id"": ""A1"", ""product_name"": ""Widget"", ""quantity"": 1, ""price"": 50.0}, {""product_id"": ""C1"", ""product_name"": ""Doohickey"", ""quantity"": 2, ""price"": 50.0}]"
"389","Customer 389","""+61-8112621932""","CUSTOMER388@EXAMPLE.COM","1389","2024-01-24","300.0","[{""product_id"": ""B1"", ""product_name"": ""Gadget"", ""quantity"": 2, ""price"": 150.0}]"
"390","Customer 390","""123456""","CUSTOMER389@EXAMPLE.COM","1390","2024-01-25","150.0","[{""product_id"": ""A1"", ""product_name"": ""Widget"", ""quantity"": 1, ""price"": 50.0}, {""product_id"": ""C1"", ""product_name"": ""Doohickey"", ""quantity"": 2, ""price"": 50.0}]"
"391","Customer 391","""+91-3724262474""","CUSTOMER390@EXAMPLE.COM","1391","2024-01-26","150.0","[{""product_id"": ""A1"", ""product_name"": ""Widget"", ""quantity"": 1, ""price"": 50.0}, {""product_id"": ""C1"", ""product_name"": ""Doohickey"", ""quantity"": 2, ""price"": 50.0}]"
"392","Customer 392","""+49-6239533018""","n/a","1392","2024-01-27","250.0","[{""product_id"": ""A1"", ""product_name"": ""Widget"", ""quantity"": 2, ""price"": 50.0}, {""product_id"": ""B1"", ""product_name"": ""Gadget"", ""quantity"": 1, ""price"": 150.0}]"
"393","Customer 393","""+61-2354993123""","customer392@example.com","1393","2024-01-28","150.0","[{""product_id"": ""A1"", ""product_name"": ""Widget"", ""quantity"": 1, ""price"": 50.0}, {""product_id"": ""C1"", ""product_name"": ""Doohickey"", ""quantity"": 2, ""price"": 50.0}]"
"394","Customer 394","""+81-3613899537""","CUSTOMER393@EXAMPLE.COM","1394","2024-01-29","300.0","[{""product_id"": ""B1"", ""product_name"": ""Gadget"", ""quantity"": 2, ""price"": 150.0}]"
"395","Customer 395","""+34-2257771382""","customer394@example.com","1395","2024-01-30","150.0","[{""product_id"": ""A1"", ""product_name"": ""Widget"", ""quantity"": 1, ""price"": 50.0}, {""product_id"": ""C1"", ""product_name"": ""Doohickey"", ""quantity"": 2, ""price"": 50.0}]"
"396","Customer 396","""+1-7805037047""","customer395@example.com","1396","2024-01-31","300.0","[{""product_id"": ""B1"", ""product_name"": ""Gadget"", ""quantity"": 2, ""price"": 150.0}]"
"397","Customer 397","""+49-2855791981""","","1397","2024-02-01","150.0","[{""product_id"": ""A1"", ""product_name"": ""Widget"", ""quantity"": 1, ""price"": 50.0}, {""product_id"": ""C1"", ""product_name"": ""Doohickey"", ""quantity"": 2, ""price"": 50.0}]"
"398","Customer 398","""+61-3330306220""","customer397@example.com","1398","2024-02-02","250.0","[{""product_id"": ""A1"", ""product_name"": ""Widget"", ""quantity"": 2, ""price"": 50.0}, {""product_id"": ""B1"", ""product_name"": ""Gadget"", ""quantity"": 1, ""price"": 150.0}]"
"399","Customer 399","""+1-9712411571""","CUSTOMER398@EXAMPLE.COM","1399","2024-02-03","150.0","[{""product_id"": ""A1"", ""product_name"": ""Widget"", ""quantity"": 1, ""price"": 50.0}, {""product_id"": ""C1"", ""product_name"": ""Doohickey"", ""quantity"": 2, ""price"": 50.0}]"
"400","Customer 400","""+86-2979948656""","CUSTOMER399@EXAMPLE.COM","1400","2024-02-04","250.0","[{""product_id"": ""A1"", ""product_name"": ""Widget"", ""quantity"": 2, ""price"": 50.0}, {""product_id"": ""B1"", ""product_name"": ""Gadget"", ""quantity"": 1, ""price"": 150.0}]"
"401","Customer 401","""+61-8099592446""","CUSTOMER400@EXAMPLE.COM","1401","2024-02-05","250.0","[{""product_id"": ""A1"", ""product_name"": ""Widget"", ""quantity"": 2, ""price"": 50.0}, {""product_id"": ""B1"", ""product_name"": ""Gadget"", ""quantity"": 1, ""price"": 150.0}]"
"402","Customer 402","""+86-7720318257""","customer401@example.com","1402","2024-02-06","250.0","[{""product_id"": ""A1"", ""product_name"": ""Widget"", ""quantity"": 2, ""price"": 50.0}, {""product_id"": ""B1"", ""product_name"": ""Gadget"", ""quantity"": 1, ""price"": 150.0}]"
"403","Customer 403","""+39-5643436839""","customer402@example.com","1403","2024-02-07","150.0","[{""product_id"": ""A1"", ""product_name"": ""Widget"", ""quantity"": 1, ""price"": 50.0}, {""product_id"": ""C1"", ""product_name"": ""Doohickey"", ""quantity"": 2, ""price"": 50.0}]"
"404","Customer 404","""+39-9211591234""","customer403@example.com","1404","2024-02-08","300.0","[{""product_id"": ""B1"", ""product_name"": ""Gadget"", ""quantity"": 2, ""price"": 150.0}]"
"405","Customer 405","""+86-4457660153""","customer404@example.com","1405","2024-02-09","300.0","[{""product_id"": ""B1"", ""product_name"": ""Gadget"", ""quantity"": 2, ""price"": 150.0}]"
"406","Customer 406","""+34-3826956328""","customer405@example.com","1406","2024-02-10","250.0","[{""product_id"": ""A1"", ""product_name"": ""Widget"", ""quantity"": 2, ""price"": 50.0}, {""product_id"": ""B1"", ""product_name"": ""Gadget"", ""quantity"": 1, ""price"": 150.0}]"
"407","Customer 407","""+44-1114341910""","customer406@example.com","1407","2024-02-11","300.0","[{""product_id"": ""B1"", ""product_name"": ""Gadget"", ""quantity"": 2, ""price"": 150.0}]"
"408","Customer 408","""+61-9038933533""","customer407@example.com","1408","2024-02-12","300.0","[{""product_id"": ""B1"", ""product_name"": ""Gadget"", ""quantity"": 2, ""price"": 150.0}]"
"409","Customer 409","""+39-9848323601""","customer408@example.com","1409","2024-02-13","250.0","[{""product_id"": ""A1"", ""product_name"": ""Widget"", ""quantity"": 2, ""price"": 50.0}, {""product_id"": ""B1"", ""product_name"": ""Gadget"", ""quantity"": 1, ""price"": 150.0}]"
"410","Customer 410","""+33-2264505847""","customer409@example.com","1410","2024-02-14","150.0","[{""product_id"": ""A1"", ""product_name"": ""Widget"", ""quantity"": 1, ""price"": 50.0}, {""product_id"": ""C1"", ""product_name"": ""Doohickey"", ""quantity"": 2, ""price"": 50.0}]"
"411","Customer 411","""+61-3004601961""","customer410@example.com","1411","2024-02-15","150.0","[{""product_id"": ""A1"", ""product_name"": ""Widget"", ""quantity"": 1, ""price"": 50.0}, {""product_id"": ""C1"", ""product_name"": ""Doohickey"", ""quantity"": 2, ""price"": 50.0}]"
"412","Customer 412","""+1-9359489448""","CUSTOMER411@EXAMPLE.COM","1412","2024-02-16","300.0","[{""product_id"": ""B1"", ""product_name"": ""Gadget"", ""quantity"": 2, ""price"": 150.0}]"
"413","Customer 413","""+91-8212555767""","customer412@example.com","1413","2024-02-17","250.0","[{""product_id"": ""A1"", ""product_name"": ""Widget"", ""quantity"": 2, ""price"": 50.0}, {""product_id"": ""B1"", ""product_name"": ""Gadget"", ""quantity"": 1, ""price"": 150.0}]"
"414","Customer 414","""+49-4599681998""","CUSTOMER413@EXAMPLE.COM","1414","2024-02-18","150.0","[{""product_id"": ""A1"", ""product_name"": ""Widget"", ""quantity"": 1, ""price"": 50.0}, {""product_id"": ""C1"", ""product_name"": ""Doohickey"", ""quantity"": 2, ""price"": 50.0}]"
"415","Customer 415","""+91-7145588997""","CUSTOMER414@EXAMPLE.COM","1415","2024-02-19","250.0","[{""product_id"": ""A1"", ""product_name"": ""Widget"", ""quantity"": 2, ""price"": 50.0}, {""product_id"": ""B1"", ""product_name"": ""Gadget"", ""quantity"": 1, ""price"": 150.0}]"
"416","Customer 416","""+91-8214333774""","customer415@example.com","1416","2024-02-20","250.0","[{""product_id"": ""A1"", ""product_name"": ""Widget"", ""quantity"": 2, ""price"": 50.0}, {""product_id"": ""B1"", ""product_name"": ""Gadget"", ""quantity"": 1, ""price"": 150.0}]"
"417","Customer 417","""+39-9149407318""","CUSTOMER416@EXAMPLE.COM","1417","2024-02-21","300.0","[{""product_id"": ""B1"", ""product_name"": ""Gadget"", ""quantity"": 2, ""price"": 150.0}]"
"418","Customer 418","""+1-5797012111""","customer417@example.com","1418","2024-02-22","300.0","[{""product_id"": ""B1"", ""product_name"": ""Gadget"", ""quantity"": 2, ""price"": 150.0}]"
"419","Customer 419","""+39-4735290910""","CUSTOMER418@EXAMPLE.COM","1419","2024-02-23","250.0","[{""product_id"": ""A1"", ""product_name"": ""Widget"", ""quantity"": 2, ""price"": 50.0}, {""product_id"": ""B1"", ""product_name"": ""Gadget"", ""quantity"": 1, ""price"": 150.0}]"
"420","Customer 420","","","1420","2024-02-24","150.0","[{""product_id"": ""A1"", ""product_name"": ""Widget"", ""quantity"": 1, ""price"": 50.0}, {""product_id"": ""C1"", ""product_name"": ""Doohickey"", ""quantity"": 2, ""price"": 50.0}]"
"421","Customer 421","""+49-4951512568""","customer420@example.com","1421","2024-02-25","250.0","[{""product_id"": ""A1"", ""product_name"": ""Widget"", ""quantity"": 2, ""price"": 50.0}, {""product_id"": ""B1"", ""product_name"": ""Gadget"", ""quantity"": 1, ""price"": 150.0}]"
"422","Customer 422","""+44-4280950848""","CUSTOMER421@EXAMPLE.COM","1422","2024-02-26","150.0","[{""product_id"": ""A1"", ""product_name"": ""Widget"", ""quantity"": 1, ""price"": 50.0}, {""product_id"": ""C1"", ""product_name"": ""Doohickey"", ""quantity"": 2, ""price"": 50.0}]"
"423","Customer 423","""+61-7924453520""","customer422@example.com","1423","2024-02-27","300.0","[{""product_id"": ""B1"", ""product_name"": ""Gadget"", ""quantity"": 2, ""price"": 150.0}]"
"424","Customer 424","""+44-9094314499""","CUSTOMER423@EXAMPLE.COM","1424","2024-02-28","150.0","[{""product_id"": ""A1"", ""product_name"": ""Widget"", ""quantity"": 1, ""price"": 50.0}, {""product_id"": ""C1"", ""product_name"": ""Doohickey"", ""quantity"": 2, ""price"": 50.0}]"
"425","Customer 425","""+34-4263705252""","customer424@example.com","1425","2024-02-29","250.0","[{""product_id"": ""A1"", ""product_name"": ""Widget"", ""quantity"": 2, ""price"": 50.0}, {""product_id"": ""B1"", ""product_name"": ""Gadget"", ""quantity"": 1, ""price"": 150.0}]"
"426","Customer 426","""+34-5941363688""","invalid-email","1426","2024-03-01","150.0","[{""product_id"": ""A1"", ""product_name"": ""Widget"", ""quantity"": 1, ""price"": 50.0}, {""product_id"": ""C1"", ""product_name"": ""Doohickey"", ""quantity"": 2, ""price"": 50.0}]"
"427","Customer 427","""+33-4441073993""","CUSTOMER426@EXAMPLE.COM","1427","2024-03-02","300.0","[{""product_id"": ""B1"", ""product_name"": ""Gadget"", ""quantity"": 2, ""price"": 150.0}]"
"428","Customer 428","""+39-1358041550""","CUSTOMER427@EXAMPLE.COM","1428","2024-03-03","250.0","[{""product_id"": ""A1"", ""product_name"": ""Widget"", ""quantity"": 2, ""price"": 50.0}, {""product_id"": ""B1"", ""product_name"": ""Gadget"", ""quantity"": 1, ""price"": 150.0}]"
"429","Customer 429","""+33-7427621047""","CUSTOMER428@EXAMPLE.COM","1429","2024-03-04","250.0","[{""product_id"": ""A1"", ""product_name"": ""Widget"", ""quantity"": 2, ""price"": 50.0}, {""product_id"": ""B1"", ""product_name"": ""Gadget"", ""quantity"": 1, ""price"": 150.0}]"
"430","Customer 430","""+33-8797389737""","CUSTOMER429@EXAMPLE.COM","1430","2024-03-05","250.0","[{""product_id"": ""A1"", ""product_name"": ""Widget"", ""quantity"": 2, ""price"": 50.0}, {""product_id"": ""B1"", ""product_name"": ""Gadget"", ""quantity"": 1, ""price"": 150.0}]"
"431","Customer 431","""+1-1709499570""","invalid-email","1431","2024-03-06","150.0","[{""product_id"": ""A1"", ""product_name"": ""Widget"", ""quantity"": 1, ""price"": 50.0}, {""product_id"": ""C1"", ""product_name"": ""Doohickey"", ""quantity"": 2, ""price"": 50.0}]"
"432","Customer 432","""+91-2815878714""","customer431@example.com","1432","2024-03-07","300.0","[{""product_id"": ""B1"", ""product_name"": ""Gadget"", ""quantity"": 2, ""price"": 150.0}]"
"433","Customer 433","""+81-1484145099""","customer432@example.com","1433","2024-03-08","300.0","[{""product_id"": ""B1"", ""product_name"": ""Gadget"", ""quantity"": 2, ""price"": 150.0}]"
"434","Customer 434","""+34-5545484143""","customer433@example.com","1434","2024-03-09","300.0","[{""product_id"": ""B1"", ""product_name"": ""Gadget"", ""quantity"": 2, ""price"": 150.0}]"
"435","Customer 435","""+39-7781409810""","customer434@example.com","1435","2024-03-10","300.0","[{""product_id"": ""B1"", ""product_name"": ""Gadget"", ""quantity"": 2, ""price"": 150.0}]"
"436","Customer 436","""+61-2907441886""","customer435@example.com","1436","2024-03-11","250.0","[{""product_id"": ""A1"", ""product_name"": ""Widget"", ""quantity"": 2, ""price"": 50.0}, {""product_id"": ""B1"", ""product_name"": ""Gadget"", ""quantity"": 1, ""price"": 150.0}]"
"437","Customer 437","""+49-9783176571""","CUSTOMER436@EXAMPLE.COM","1437","2024-03-12","250.0","[{""product_id"": ""A1"", ""product_name"": ""Widget"", ""quantity"": 2, ""price"": 50.0}, {""product_id"": ""B1"", ""product_name"": ""Gadget"", ""quantity"": 1, ""price"": 150.0}]"
"438","Customer 438","""+91-8373394337""","customer437@example.com","1438","2024-03-13","150.0","[{""product_id"": ""A1"", ""product_name"": ""Widget"", ""quantity"": 1, ""price"": 50.0}, {""product_id"": ""C1"", ""product_name"": ""Doohickey"", ""quantity"": 2, ""price"": 50.0}]"
"439","Customer 439","""+34-6503987085""","customer438@example.com","1439","2024-03-14","300.0","[{""product_id"": ""B1"", ""product_name"": ""Gadget"", ""quantity"": 2, ""price"": 150.0}]"
"440","Customer 440","""+81-1184164218""","","1440","2024-03-15","300.0","[{""product_id"": ""B1"", ""product_name"": ""Gadget"", ""quantity"": 2, ""price"": 150.0}]"
"441","Customer 441","""+34-8136666794""","customer440@example.com","1441","2024-03-16","250.0","[{""product_id"": ""A1"", ""product_name"": ""Widget"", ""quantity"": 2, ""price"": 50.0}, {""product_id"": ""B1"", ""product_name"": ""Gadget"", ""quantity"": 1, ""price"": 150.0}]"
"442","Customer 442","""+81-7806686439""","CUSTOMER441@EXAMPLE.COM","1442","2024-03-17","300.0","[{""product_id"": ""B1"", ""product_name"": ""Gadget"", ""quantity"": 2, ""price"": 150.0}]"
"443","Customer 443","""+44-9638790568""","customer442@example.com","1443","2024-03-18","150.0","[{""product_id"": ""A1"", ""product_name"": ""Widget"", ""quantity"": 1, ""price"": 50.0}, {""product_id"": ""C1"", ""product_name"": ""Doohickey"", ""quantity"": 2, ""price"": 50.0}]"
"444","Customer 444","""+86-4961414505""","CUSTOMER443@EXAMPLE.COM","1444","2024-03-19","300.0","[{""product_id"": ""B1"", ""product_name"": ""Gadget"", ""quantity"": 2, ""price"": 150.0}]"
"445","Customer 445","""N/A""","CUSTOMER444@EXAMPLE.COM","1445","2024-03-20","250.0","[{""product_id"": ""A1"", ""product_name"": ""Widget"", ""quantity"": 2, ""price"": 50.0}, {""product_id"": ""B1"", ""product_name"": ""Gadget"", ""quantity"": 1, ""price"": 150.0}]"
"446","Customer 446","""+81-8606545122""","customer445@example.com","1446","2024-03-21","150.0","[{""product_id"": ""A1"", ""product_name"": ""Widget"", ""quantity"": 1, ""price"": 50.0}, {""product_id"": ""C1"", ""product_name"": ""Doohickey"", ""quantity"": 2, ""price"": 50.0}]"
"447","Customer 447","""123456""","CUSTOMER446@EXAMPLE.COM","1447","2024-03-22","300.0","[{""product_id"": ""B1"", ""product_name"": ""Gadget"", ""quantity"": 2, ""price"": 150.0}]"
"448","Customer 448","""+81-6630960902""","customer447@example.com","1448","2024-03-23","300.0","[{""product_id"": ""B1"", ""product_name"": ""Gadget"", ""quantity"": 2, ""price"": 150.0}]"
"449","Customer 449","""+61-1011624038""","CUSTOMER448@EXAMPLE.COM","1449","2024-03-24","150.0","[{""product_id"": ""A1"", ""product_name"": ""Widget"", ""quantity"": 1, ""price"": 50.0}, {""product_id"": ""C1"", ""product_name"": ""Doohickey"", ""quantity"": 2, ""price"": 50.0}]"
"450","Customer 450","""+44-1711539911""","customer449@example.com","1450","2024-03-25","300.0","[{""product_id"": ""B1"", ""product_name"": ""Gadget"", ""quantity"": 2, ""price"": 150.0}]"
"451","Customer 451","""+91-6934611196""","CUSTOMER450@EXAMPLE.COM","1451","2024-03-26","250.0","[{""product_id"": ""A1"", ""product_name"": ""Widget"", ""quantity"": 2, ""price"": 50.0}, {""product_id"": ""B1"", ""product_name"": ""Gadget"", ""quantity"": 1, ""price"": 150.0}]"
"452","Customer 452","""N/A""","customer451@example.com","1452","2024-03-27","150.0","[{""product_id"": ""A1"", ""product_name"": ""Widget"", ""quantity"": 1, ""price"": 50.0}, {""product_id"": ""C1"", ""product_name"": ""Doohickey"", ""quantity"": 2, ""price"": 50.0}]"
"453","Customer 453","""+81-6509967404""","CUSTOMER452@EXAMPLE.COM","1453","2024-03-28","250.0","[{""product_id"": ""A1"", ""product_name"": ""Widget"", ""quantity"": 2, ""price"": 50.0}, {""product_id"": ""B1"", ""product_name"": ""Gadget"", ""quantity"": 1, ""price"": 150.0}]"
"454","Customer 454","""+39-2578136305""","CUSTOMER453@EXAMPLE.COM","1454","2024-03-29","150.0","[{""product_id"": ""A1"", ""product_name"": ""Widget"", ""quantity"": 1, ""price"": 50.0}, {""product_id"": ""C1"", ""product_name"": ""Doohickey"", ""quantity"": 2, ""price"": 50.0}]"
"455","Customer 455","""+1-9050366485""","customer454@example.com","1455","2024-03-30","250.0","[{""product_id"": ""A1"", ""product_name"": ""Widget"", ""quantity"": 2, ""price"": 50.0}, {""product_id"": ""B1"", ""product_name"": ""Gadget"", ""quantity"": 1, ""price"": 150.0}]"
"456","Customer 456","""+49-6796974610""","customer455@example.com","1456","2024-03-31","250.0","[{""product_id"": ""A1"", ""product_name"": ""Widget"", ""quantity"": 2, ""price"": 50.0}, {""product_id"": ""B1"", ""product_name"": ""Gadget"", ""quantity"": 1, ""price"": 150.0}]"
"457","Customer 457","""+61-4535449468""","CUSTOMER456@EXAMPLE.COM","1457","2024-04-01","250.0","[{""product_id"": ""A1"", ""product_name"": ""Widget"", ""quantity"": 2, ""price"": 50.0}, {""product_id"": ""B1"", ""product_name"": ""Gadget"", ""quantity"": 1, ""price"": 150.0}]"
"458","Customer 458","""+86-8284240365""","CUSTOMER457@EXAMPLE.COM","1458","2024-04-02","250.0","[{""product_id"": ""A1"", ""product_name"": ""Widget"", ""quantity"": 2, ""price"": 50.0}, {""product_id"": ""B1"", ""product_name"": ""Gadget"", ""quantity"": 1, ""price"": 150.0}]"
"459","Customer 459","""+61-9048099239""","","1459","2024-04-03","300.0","[{""product_id"": ""B1"", ""product_name"": ""Gadget"", ""quantity"": 2, ""price"": 150.0}]"
"460","Customer 460","""+39-6252319245""","CUSTOMER459@EXAMPLE.COM","1460","2024-04-04","300.0","[{""product_id"": ""B1"", ""product_name"": ""Gadget"", ""quantity"": 2, ""price"": 150.0}]"
"461","Customer 461","""+39-1409058866""","CUSTOMER460@EXAMPLE.COM","1461","2024-04-05","250.0","[{""product_id"": ""A1"", ""product_name"": ""Widget"", ""quantity"": 2, ""price"": 50.0}, {""product_id"": ""B1"", ""product_name"": ""Gadget"", ""quantity"": 1, ""price"": 150.0}]"
"462","Customer 462","""+91-4876141655""","CUSTOMER461@EXAMPLE.COM","1462","2024-04-06","300.0","[{""product_id"": ""B1"", ""product_name"": ""Gadget"", ""quantity"": 2, ""price"": 150.0}]"
"463","Customer 463","""+33-7715727056""","customer462@example.com","1463","2024-04-07","150.0","[{""product_id"": ""A1"", ""product_name"": ""Widget"", ""quantity"": 1, ""price"": 50.0}, {""product_id"": ""C1"", ""product_name"": ""Doohickey"", ""quantity"": 2, ""price"": 50.0}]"
"464","Customer 464","""+1-3030604409""","CUSTOMER463@EXAMPLE.COM","1464","2024-04-08","250.0","[{""product_id"": ""A1"", ""product_name"": ""Widget"", ""quantity"": 2, ""price"": 50.0}, {""product_id"": ""B1"", ""product_name"": ""Gadget"", ""quantity"": 1, ""price"": 150.0}]"
"465","Customer 465","""+33-6982068216""","customer464@example.com","1465","2024-04-09","250.0","[{""product_id"": ""A1"", ""product_name"": ""Widget"", ""quantity"": 2, ""price"": 50.0}, {""product_id"": ""B1"", ""product_name"": ""Gadget"", ""quantity"": 1, ""price"": 150.0}]"
"466","Customer 466","""123456""","customer465@example.com","1466","2024-04-10","150.0","[{""product_id"": ""A1"", ""product_name"": ""Widget"", ""quantity"": 1, ""price"": 50.0}, {""product_id"": ""C1"", ""product_name"": ""Doohickey"", ""quantity"": 2, ""price"": 50.0}]"
"467","Customer 467","""+49-8117269060""","CUSTOMER466@EXAMPLE.COM","1467","2024-04-11","300.0","[{""product_id"": ""B1"", ""product_name"": ""Gadget"", ""quantity"": 2, ""price"": 150.0}]"
"468","Customer 468","""+33-1962383719""","customer467@example.com","1468","2024-04-12","300.0","[{""product_id"": ""B1"", ""product_name"": ""Gadget"", ""quantity"": 2, ""price"": 150.0}]"
"469","Customer 469","""+81-5425006827""","customer468@example.com","1469","2024-04-13","150.0","[{""product_id"": ""A1"", ""product_name"": ""Widget"", ""quantity"": 1, ""price"": 50.0}, {""product_id"": ""C1"", ""product_name"": ""Doohickey"", ""quantity"": 2, ""price"": 50.0}]"
"470","Customer 470","""+91-4302426075""","customer469@example.com","1470","2024-04-14","300.0","[{""product_id"": ""B1"", ""product_name"": ""Gadget"", ""quantity"": 2, ""price"": 150.0}]"
"471","Customer 471","""+44-2844947182""","CUSTOMER470@EXAMPLE.COM","1471","2024-04-15","300.0","[{""product_id"": ""B1"", ""product_name"": ""Gadget"", ""quantity"": 2, ""price"": 150.0}]"
"472","Customer 472","""+81-2204255597""","CUSTOMER471@EXAMPLE.COM","1472","2024-04-16","300.0","[{""product_id"": ""B1"", ""product_name"": ""Gadget"", ""quantity"": 2, ""price"": 150.0}]"
"473","Customer 473","""+86-4831428717""","CUSTOMER472@EXAMPLE.COM","1473","2024-04-17","150.0","[{""product_id"": ""A1"", ""product_name"": ""Widget"", ""quantity"": 1, ""price"": 50.0}, {""product_id"": ""C1"", ""product_name"": ""Doohickey"", ""quantity"": 2, ""price"": 50.0}]"
"474","Customer 474","""+91-4390871518""","CUSTOMER473@EXAMPLE.COM","1474","2024-04-18","250.0","[{""product_id"": ""A1"", ""product_name"": ""Widget"", ""quantity"": 2, ""price"": 50.0}, {""product_id"": ""B1"", ""product_name"": ""Gadget"", ""quantity"": 1, ""price"": 150.0}]"
"475","Customer 475","""123456""","customer474@example.com","1475","2024-04-19","150.0","[{""product_id"": ""A1"", ""product_name"": ""Widget"", ""quantity"": 1, ""price"": 50.0}, {""product_id"": ""C1"", ""product_name"": ""Doohickey"", ""quantity"": 2, ""price"": 50.0}]"
"476","Customer 476","""+33-3230435777""","customer475@example.com","1476","2024-04-20","300.0","[{""product_id"": ""B1"", ""product_name"": ""Gadget"", ""quantity"": 2, ""price"": 150.0}]"
"477","Customer 477","""+34-4514803202""","CUSTOMER476@EXAMPLE.COM","1477","2024-04-21","300.0","[{""product_id"": ""B1"", ""product_name"": ""Gadget"", ""quantity"": 2, ""price"": 150.0}]"
"478","Customer 478","""+61-6872427114""","customer477@example.com","1478","2024-04-22","150.0","[{""product_id"": ""A1"", ""product_name"": ""Widget"", ""quantity"": 1, ""price"": 50.0}, {""product_id"": ""C1"", ""product_name"": ""Doohickey"", ""quantity"": 2, ""price"": 50.0}]"
"479","Customer 479","""+33-4762808165""","customer478@example.com","1479","2024-04-23","250.0","[{""product_id"": ""A1"", ""product_name"": ""Widget"", ""quantity"": 2, ""price"": 50.0}, {""product_id"": ""B1"", ""product_name"": ""Gadget"", ""quantity"": 1, ""price"": 150.0}]"
"480","Customer 480","""+34-3681676773""","","1480","2024-04-24","250.0","[{""product_id"": ""A1"", ""product_name"": ""Widget"", ""quantity"": 2, ""price"": 50.0}, {""product_id"": ""B1"", ""product_name"": ""Gadget"", ""quantity"": 1, ""price"": 150.0}]"
"481","Customer 481","""+86-1477546121""","CUSTOMER480@EXAMPLE.COM","1481","2024-04-25","250.0","[{""product_id"": ""A1"", ""product_name"": ""Widget"", ""quantity"": 2, ""price"": 50.0}, {""product_id"": ""B1"", ""product_name"": ""Gadget"", ""quantity"": 1, ""price"": 150.0}]"
"482","Customer 482","""+91-9859870693""","customer481@example.com","1482","2024-04-26","250.0","[{""product_id"": ""A1"", ""product_name"": ""Widget"", ""quantity"": 2, ""price"": 50.0}, {""product_id"": ""B1"", ""product_name"": ""Gadget"", ""quantity"": 1, ""price"": 150.0}]"
"483","Customer 483","""+34-2382379158""","","1483","2024-04-27","250.0","[{""product_id"": ""A1"", ""product_name"": ""Widget"", ""quantity"": 2, ""price"": 50.0}, {""product_id"": ""B1"", ""product_name"": ""Gadget"", ""quantity"": 1, ""price"": 150.0}]"
"484","Customer 484","""+81-7281270102""","CUSTOMER483@EXAMPLE.COM","1484","2024-04-28","250.0","[{""product_id"": ""A1"", ""product_name"": ""Widget"", ""quantity"": 2, ""price"": 50.0}, {""product_id"": ""B1"", ""product_name"": ""Gadget"", ""quantity"": 1, ""price"": 150.0}]"
"485","Customer 485","""""","CUSTOMER484@EXAMPLE.COM","1485","2024-04-29","300.0","[{""product_id"": ""B1"", ""product_name"": ""Gadget"", ""quantity"": 2, ""price"": 150.0}]"
"486","Customer 486","""+1-2099063565""","customer485@example.com","1486","2024-04-30","150.0","[{""product_id"": ""A1"", ""product_name"": ""Widget"", ""quantity"": 1, ""price"": 50.0}, {""product_id"": ""C1"", ""product_name"": ""Doohickey"", ""quantity"": 2, ""price"": 50.0}]"
"487","Customer 487","""+33-5343243109""","N/A","1487","2024-05-01","250.0","[{""product_id"": ""A1"", ""product_name"": ""Widget"", ""quantity"": 2, ""price"": 50.0}, {""product_id"": ""B1"", ""product_name"": ""Gadget"", ""quantity"": 1, ""price"": 150.0}]"
"488","Customer 488","""+1-9834165216""","CUSTOMER487@EXAMPLE.COM","1488","2024-05-02","250.0","[{""product_id"": ""A1"", ""product_name"": ""Widget"", ""quantity"": 2, ""price"": 50.0}, {""product_id"": ""B1"", ""product_name"": ""Gadget"", ""quantity"": 1, ""price"": 150.0}]"
"489","Customer 489","""""","customer488@example.com","1489","2024-05-03","150.0","[{""product_id"": ""A1"", ""product_name"": ""Widget"", ""quantity"": 1, ""price"": 50.0}, {""product_id"": ""C1"", ""product_name"": ""Doohickey"", ""quantity"": 2, ""price"": 50.0}]"
"490","Customer 490","""+91-8943354103""","CUSTOMER489@EXAMPLE.COM","1490","2024-05-04","250.0","[{""product_id"": ""A1"", ""product_name"": ""Widget"", ""quantity"": 2, ""price"": 50.0}, {""product_id"": ""B1"", ""product_name"": ""Gadget"", ""quantity"": 1, ""price"": 150.0}]"
"491","Customer 491","""+44-3384113356""","customer490@example.com","1491","2024-05-05","300.0","[{""product_id"": ""B1"", ""product_name"": ""Gadget"", ""quantity"": 2, ""price"": 150.0}]"
"492","Customer 492","""+33-1236309668""","CUSTOMER491@EXAMPLE.COM","1492","2024-05-06","300.0","[{""product_id"": ""B1"", ""product_name"": ""Gadget"", ""quantity"": 2, ""price"": 150.0}]"
"493","Customer 493","""+44-4122586476""","customer492@example.com","1493","2024-05-07","250.0","[{""product_id"": ""A1"", ""product_name"": ""Widget"", ""quantity"": 2, ""price"": 50.0}, {""product_id"": ""B1"", ""product_name"": ""Gadget"", ""quantity"": 1, ""price"": 150.0}]"
"494","Customer 494","""+33-7683088207""","customer493@example.com","1494","2024-05-08","150.0","[{""product_id"": ""A1"", ""product_name"": ""Widget"", ""quantity"": 1, ""price"": 50.0}, {""product_id"": ""C1"", ""product_name"": ""Doohickey"", ""quantity"": 2, ""price"": 50.0}]"
"495","Customer 495","""+34-6918908846""","customer494@example.com","1495","2024-05-09","300.0","[{""product_id"": ""B1"", ""product_name"": ""Gadget"", ""quantity"": 2, ""price"": 150.0}]"
"496","Customer 496","""+86-9078753905""","","1496","2024-05-10","250.0","[{""product_id"": ""A1"", ""product_name"": ""Widget"", ""quantity"": 2, ""price"": 50.0}, {""product_id"": ""B1"", ""product_name"": ""Gadget"", ""quantity"": 1, ""price"": 150.0}]"
"497","Customer 497","""+39-9908944747""","","1497","2024-05-11","150.0","[{""product_id"": ""A1"", ""product_name"": ""Widget"", ""quantity"": 1, ""price"": 50.0}, {""product_id"": ""C1"", ""product_name"": ""Doohickey"", ""quantity"": 2, ""price"": 50.0}]"
"498","Customer 498","","CUSTOMER497@EXAMPLE.COM","1498","2024-05-12","300.0","[{""product_id"": ""B1"", ""product_name"": ""Gadget"", ""quantity"": 2, ""price"": 150.0}]"
"499","Customer 499","""+34-7222392495""","CUSTOMER498@EXAMPLE.COM","1499","2024-05-13","300.0","[{""product_id"": ""B1"", ""product_name"": ""Gadget"", ""quantity"": 2, ""price"": 150.0}]"
"500","Customer 500","""+81-2290397061""","CUSTOMER499@EXAMPLE.COM","1500","2024-05-14","150.0","[{""product_id"": ""A1"", ""product_name"": ""Widget"", ""quantity"": 1, ""price"": 50.0}, {""product_id"": ""C1"", ""product_name"": ""Doohickey"", ""quantity"": 2, ""price"": 50.0}]"
"501","Customer 501","""123456""","CUSTOMER500@EXAMPLE.COM","1501","2024-05-15","150.0","[{""product_id"": ""A1"", ""product_name"": ""Widget"", ""quantity"": 1, ""price"": 50.0}, {""product_id"": ""C1"", ""product_name"": ""Doohickey"", ""quantity"": 2, ""price"": 50.0}]"
"502","Customer 502","""+34-1767060636""","CUSTOMER501@EXAMPLE.COM","1502","2024-05-16","150.0","[{""product_id"": ""A1"", ""product_name"": ""Widget"", ""quantity"": 1, ""price"": 50.0}, {""product_id"": ""C1"", ""product_name"": ""Doohickey"", ""quantity"": 2, ""price"": 50.0}]"
"503","Customer 503","""+1-9391558932""","customer502@example.com","1503","2024-05-17","250.0","[{""product_id"": ""A1"", ""product_name"": ""Widget"", ""quantity"": 2, ""price"": 50.0}, {""product_id"": ""B1"", ""product_name"": ""Gadget"", ""quantity"": 1, ""price"": 150.0}]"
"504","Customer 504","""+33-6546008847""","customer503@example.com","1504","2024-05-18","300.0","[{""product_id"": ""B1"", ""product_name"": ""Gadget"", ""quantity"": 2, ""price"": 150.0}]"
"505","Customer 505","""+33-8505907049""","customer504@example.com","1505","2024-05-19","250.0","[{""product_id"": ""A1"", ""product_name"": ""Widget"", ""quantity"": 2, ""price"": 50.0}, {""product_id"": ""B1"", ""product_name"": ""Gadget"", ""quantity"": 1, ""price"": 150.0}]"
"506","Customer 506","""+91-2240952966""","customer505@example.com","1506","2024-05-20","250.0","[{""product_id"": ""A1"", ""product_name"": ""Widget"", ""quantity"": 2, ""price"": 50.0}, {""product_id"": ""B1"", ""product_name"": ""Gadget"", ""quantity"": 1, ""price"": 150.0}]"
"507","Customer 507","""+81-7929733207""","CUSTOMER506@EXAMPLE.COM","1507","2024-05-21","150.0","[{""product_id"": ""A1"", ""product_name"": ""Widget"", ""quantity"": 1, ""price"": 50.0}, {""product_id"": ""C1"", ""product_name"": ""Doohickey"", ""quantity"": 2, ""price"": 50.0}]"
"508","Customer 508","""+34-3412154109""","customer507@example.com","1508","2024-05-22","150.0","[{""product_id"": ""A1"", ""product_name"": ""Widget"", ""quantity"": 1, ""price"": 50.0}, {""product_id"": ""C1"", ""product_name"": ""Doohickey"", ""quantity"": 2, ""price"": 50.0}]"
"509","Customer 509","""+86-7695654608""","customer508@example.com","1509","2024-05-23","150.0","[{""product_id"": ""A1"", ""product_name"": ""Widget"", ""quantity"": 1, ""price"": 50.0}, {""product_id"": ""C1"", ""product_name"": ""Doohickey"", ""quantity"": 2, ""price"": 50.0}]"
"510","Customer 510","""+33-8479768549""","CUSTOMER509@EXAMPLE.COM","1510","2024-05-24","300.0","[{""product_id"": ""B1"", ""product_name"": ""Gadget"", ""quantity"": 2, ""price"": 150.0}]"
"511","Customer 511","","customer510@example.com","1511","2024-05-25","150.0","[{""product_id"": ""A1"", ""product_name"": ""Widget"", ""quantity"": 1, ""price"": 50.0}, {""product_id"": ""C1"", ""product_name"": ""Doohickey"", ""quantity"": 2, ""price"": 50.0}]"
"512","Customer 512","""+61-2956850469""","invalid-email","1512","2024-05-26","250.0","[{""product_id"": ""A1"", ""product_name"": ""Widget"", ""quantity"": 2, ""price"": 50.0}, {""product_id"": ""B1"", ""product_name"": ""Gadget"", ""quantity"": 1, ""price"": 150.0}]"
"513","Customer 513","","invalid-email","1513","2024-05-27","250.0","[{""product_id"": ""A1"", ""product_name"": ""Widget"", ""quantity"": 2, ""price"": 50.0}, {""product_id"": ""B1"", ""product_name"": ""Gadget"", ""quantity"": 1, ""price"": 150.0}]"
"514","Customer 514","""+1-6589346898""","CUSTOMER513@EXAMPLE.COM","1514","2024-05-28","150.0","[{""product_id"": ""A1"", ""product_name"": ""Widget"", ""quantity"": 1, ""price"": 50.0}, {""product_id"": ""C1"", ""product_name"": ""Doohickey"", ""quantity"": 2, ""price"": 50.0}]"
"515","Customer 515","""123456""","customer514@example.com","1515","2024-05-29","250.0","[{""product_id"": ""A1"", ""product_name"": ""Widget"", ""quantity"": 2, ""price"": 50.0}, {""product_id"": ""B1"", ""product_name"": ""Gadget"", ""quantity"": 1, ""price"": 150.0}]"
"516","Customer 516","""+86-6128372208""","customer515@example.com","1516","2024-05-30","150.0","[{""product_id"": ""A1"", ""product_name"": ""Widget"", ""quantity"": 1, ""price"": 50.0}, {""product_id"": ""C1"", ""product_name"": ""Doohickey"", ""quantity"": 2, ""price"": 50.0}]"
"517","Customer 517","""+86-8152218220""","CUSTOMER516@EXAMPLE.COM","1517","2024-05-31","150.0","[{""product_id"": ""A1"", ""product_name"": ""Widget"", ""quantity"": 1, ""price"": 50.0}, {""product_id"": ""C1"", ""product_name"": ""Doohickey"", ""quantity"": 2, ""price"": 50.0}]"
"518","Customer 518","""+33-1416327973""","CUSTOMER517@EXAMPLE.COM","1518","2024-06-01","250.0","[{""product_id"": ""A1"", ""product_name"": ""Widget"", ""quantity"": 2, ""price"": 50.0}, {""product_id"": ""B1"", ""product_name"": ""Gadget"", ""quantity"": 1, ""price"": 150.0}]"
"519","Customer 519","""+61-1907489256""","customer518@example.com","1519","2024-06-02","150.0","[{""product_id"": ""A1"", ""product_name"": ""Widget"", ""quantity"": 1, ""price"": 50.0}, {""product_id"": ""C1"", ""product_name"": ""Doohickey"", ""quantity"": 2, ""price"": 50.0}]"
"520","Customer 520","""+81-6865712344""","CUSTOMER519@EXAMPLE.COM","1520","2024-06-03","150.0","[{""product_id"": ""A1"", ""product_name"": ""Widget"", ""quantity"": 1, ""price"": 50.0}, {""product_id"": ""C1"", ""product_name"": ""Doohickey"", ""quantity"": 2, ""price"": 50.0}]"
"521","Customer 521","""+39-8879388078""","customer520@example.com","1521","2024-06-04","300.0","[{""product_id"": ""B1"", ""product_name"": ""Gadget"", ""quantity"": 2, ""price"": 150.0}]"
"522","Customer 522","""+61-3818697754""","CUSTOMER521@EXAMPLE.COM","1522","2024-06-05","150.0","[{""product_id"": ""A1"", ""product_name"": ""Widget"", ""quantity"": 1, ""price"": 50.0}, {""product_id"": ""C1"", ""product_name"": ""Doohickey"", ""quantity"": 2, ""price"": 50.0}]"
"523","Customer 523","""+61-6624402952""","customer522@example.com","1523","2024-06-06","250.0","[{""product_id"": ""A1"", ""product_name"": ""Widget"", ""quantity"": 2, ""price"": 50.0}, {""product_id"": ""B1"", ""product_name"": ""Gadget"", ""quantity"": 1, ""price"": 150.0}]"
"524","Customer 524","""+61-9334379485""","CUSTOMER523@EXAMPLE.COM","1524","2024-06-07","300.0","[{""product_id"": ""B1"", ""product_name"": ""Gadget"", ""quantity"": 2, ""price"": 150.0}]"
"525","Customer 525","""+81-3781180719""","CUSTOMER524@EXAMPLE.COM","1525","2024-06-08","300.0","[{""product_id"": ""B1"", ""product_name"": ""Gadget"", ""quantity"": 2, ""price"": 150.0}]"
"526","Customer 526","""+34-4406019375""","customer525@example.com","1526","2024-06-09","150.0","[{""product_id"": ""A1"", ""product_name"": ""Widget"", ""quantity"": 1, ""price"": 50.0}, {""product_id"": ""C1"", ""product_name"": ""Doohickey"", ""quantity"": 2, ""price"": 50.0}]"
"527","Customer 527","""+86-3512285514""","CUSTOMER526@EXAMPLE.COM","1527","2024-06-10","300.0","[{""product_id"": ""B1"", ""product_name"": ""Gadget"", ""quantity"": 2, ""price"": 150.0}]"
"528","Customer 528","""+61-5334352417""","customer527@example.com","1528","2024-06-11","150.0","[{""product_id"": ""A1"", ""product_name"": ""Widget"", ""quantity"": 1, ""price"": 50.0}, {""product_id"": ""C1"", ""product_name"": ""Doohickey"", ""quantity"": 2, ""price"": 50.0}]"
"529","Customer 529","""+33-7901107382""","customer528@example.com","1529","2024-06-12","300.0","[{""product_id"": ""B1"", ""product_name"": ""Gadget"", ""quantity"": 2, ""price"": 150.0}]"
"530","Customer 530","","customer529@example.com","1530","2024-06-13","300.0","[{""product_id"": ""B1"", ""product_name"": ""Gadget"", ""quantity"": 2, ""price"": 150.0}]"
"531","Customer 531","""+49-8261130490""","CUSTOMER530@EXAMPLE.COM","1531","2024-06-14","250.0","[{""product_id"": ""A1"", ""product_name"": ""Widget"", ""quantity"": 2, ""price"": 50.0}, {""product_id"": ""B1"", ""product_name"": ""Gadget"", ""quantity"": 1, ""price"": 150.0}]"
"532","Customer 532","""+86-6689461657""","CUSTOMER531@EXAMPLE.COM","1532","2024-06-15","150.0","[{""product_id"": ""A1"", ""product_name"": ""Widget"", ""quantity"": 1, ""price"": 50.0}, {""product_id"": ""C1"", ""product_name"": ""Doohickey"", ""quantity"": 2, ""price"": 50.0}]"
"533","Customer 533","""+81-5328138092""","n/a","1533","2024-06-16","250.0","[{""product_id"": ""A1"", ""product_name"": ""Widget"", ""quantity"": 2, ""price"": 50.0}, {""product_id"": ""B1"", ""product_name"": ""Gadget"", ""quantity"": 1, ""price"": 150.0}]"
"534","Customer 534","""+34-1489703338""","","1534","2024-06-17","300.0","[{""product_id"": ""B1"", ""product_name"": ""Gadget"", ""quantity"": 2, ""price"": 150.0}]"
"535","Customer 535","""+91-6332325704""","CUSTOMER534@EXAMPLE.COM","1535","2024-06-18","300.0","[{""product_id"": ""B1"", ""product_name"": ""Gadget"", ""quantity"": 2, ""price"": 150.0}]"
"536","Customer 536","""+44-9088367011""","customer535@example.com","1536","2024-06-19","150.0","[{""product_id"": ""A1"", ""product_name"": ""Widget"", ""quantity"": 1, ""price"": 50.0}, {""product_id"": ""C1"", ""product_name"": ""Doohickey"", ""quantity"": 2, ""price"": 50.0}]"
"537","Customer 537","""+34-6888149772""","CUSTOMER536@EXAMPLE.COM","1537","2024-06-20","150.0","[{""product_id"": ""A1"", ""product_name"": ""Widget"", ""quantity"": 1, ""price"": 50.0}, {""product_id"": ""C1"", ""product_name"": ""Doohickey"", ""quantity"": 2, ""price"": 50.0}]"
"538","Customer 538","""+34-1451243453""","customer537@example.com","1538","2024-06-21","150.0","[{""product_id"": ""A1"", ""product_name"": ""Widget"", ""quantity"": 1, ""price"": 50.0}, {""product_id"": ""C1"", ""product_name"": ""Doohickey"", ""quantity"": 2, ""price"": 50.0}]"
"539","Customer 539","""+39-1763689808""","CUSTOMER538@EXAMPLE.COM","1539","2024-06-22","150.0","[{""product_id"": ""A1"", ""product_name"": ""Widget"", ""quantity"": 1, ""price"": 50.0}, {""product_id"": ""C1"", ""product_name"": ""Doohickey"", ""quantity"": 2, ""price"": 50.0}]"
"540","Customer 540","""+61-6190609015""","CUSTOMER539@EXAMPLE.COM","1540","2024-06-23","150.0","[{""product_id"": ""A1"", ""product_name"": ""Widget"", ""quantity"": 1, ""price"": 50.0}, {""product_id"": ""C1"", ""product_name"": ""Doohickey"", ""quantity"": 2, ""price"": 50.0}]"
"541","Customer 541","""+49-2982505938""","CUSTOMER540@EXAMPLE.COM","1541","2024-06-24","250.0","[{""product_id"": ""A1"", ""product_name"": ""Widget"", ""quantity"": 2, ""price"": 50.0}, {""product_id"": ""B1"", ""product_name"": ""Gadget"", ""quantity"": 1, ""price"": 150.0}]"
"542","Customer 542","""+34-6480705740""","customer541@example.com","1542","2024-06-25","150.0","[{""product_id"": ""A1"", ""product_name"": ""Widget"", ""quantity"": 1, ""price"": 50.0}, {""product_id"": ""C1"", ""product_name"": ""Doohickey"", ""quantity"": 2, ""price"": 50.0}]"
"543","Customer 543","""+49-2567416059""","CUSTOMER542@EXAMPLE.COM","1543","2024-06-26","250.0","[{""product_id"": ""A1"", ""product_name"": ""Widget"", ""quantity"": 2, ""price"": 50.0}, {""product_id"": ""B1"", ""product_name"": ""Gadget"", ""quantity"": 1, ""price"": 150.0}]"
"544","Customer 544","""+86-9526453581""","CUSTOMER543@EXAMPLE.COM","1544","2024-06-27","250.0","[{""product_id"": ""A1"", ""product_name"": ""Widget"", ""quantity"": 2, ""price"": 50.0}, {""product_id"": ""B1"", ""product_name"": ""Gadget"", ""quantity"": 1, ""price"": 150.0}]"
"545","Customer 545","""+81-8556648438""","customer544@example.com","1545","2024-06-28","250.0","[{""product_id"": ""A1"", ""product_name"": ""Widget"", ""quantity"": 2, ""price"": 50.0}, {""product_id"": ""B1"", ""product_name"": ""Gadget"", ""quantity"": 1, ""price"": 150.0}]"
"546","Customer 546","""+86-9000840000""","customer545@example.com","1546","2024-06-29","150.0","[{""product_id"": ""A1"", ""product_name"": ""Widget"", ""quantity"": 1, ""price"": 50.0}, {""product_id"": ""C1"", ""product_name"": ""Doohickey"", ""quantity"": 2, ""price"": 50.0}]"
"547","Customer 547","""+34-6342537000""","customer546@example.com","1547","2024-06-30","300.0","[{""product_id"": ""B1"", ""product_name"": ""Gadget"", ""quantity"": 2, ""price"": 150.0}]"
"548","Customer 548","""+1-8276787892""","customer547@example.com","1548","2024-07-01","150.0","[{""product_id"": ""A1"", ""product_name"": ""Widget"", ""quantity"": 1, ""price"": 50.0}, {""product_id"": ""C1"", ""product_name"": ""Doohickey"", ""quantity"": 2, ""price"": 50.0}]"
"549","Customer 549","""+81-7396623223""","CUSTOMER548@EXAMPLE.COM","1549","2024-07-02","250.0","[{""product_id"": ""A1"", ""product_name"": ""Widget"", ""quantity"": 2, ""price"": 50.0}, {""product_id"": ""B1"", ""product_name"": ""Gadget"", ""quantity"": 1, ""price"": 150.0}]"
"550","Customer 550","","customer549@example.com","1550","2024-07-03","250.0","[{""product_id"": ""A1"", ""product_name"": ""Widget"", ""quantity"": 2, ""price"": 50.0}, {""product_id"": ""B1"", ""product_name"": ""Gadget"", ""quantity"": 1, ""price"": 150.0}]"
"551","Customer 551","""+61-1293466297""","CUSTOMER550@EXAMPLE.COM","1551","2024-07-04","300.0","[{""product_id"": ""B1"", ""product_name"": ""Gadget"", ""quantity"": 2, ""price"": 150.0}]"
"552","Customer 552","""+1-1697052124""","CUSTOMER551@EXAMPLE.COM","1552","2024-07-05","250.0","[{""product_id"": ""A1"", ""product_name"": ""Widget"", ""quantity"": 2, ""price"": 50.0}, {""product_id"": ""B1"", ""product_name"": ""Gadget"", ""quantity"": 1, ""price"": 150.0}]"
"553","Customer 553","""+39-6331467968""","customer552@example.com","1553","2024-07-06","250.0","[{""product_id"": ""A1"", ""product_name"": ""Widget"", ""quantity"": 2, ""price"": 50.0}, {""product_id"": ""B1"", ""product_name"": ""Gadget"", ""quantity"": 1, ""price"": 150.0}]"
"554","Customer 554","""+86-9397784842""","CUSTOMER553@EXAMPLE.COM","1554","2024-07-07","250.0","[{""product_id"": ""A1"", ""product_name"": ""Widget"", ""quantity"": 2, ""price"": 50.0}, {""product_id"": ""B1"", ""product_name"": ""Gadget"", ""quantity"": 1, ""price"": 150.0}]"
"555","Customer 555","""+1-4622485442""","CUSTOMER554@EXAMPLE.COM","1555","2024-07-08","300.0","[{""product_id"": ""B1"", ""product_name"": ""Gadget"", ""quantity"": 2, ""price"": 150.0}]"
"556","Customer 556","""+44-1766761115""","CUSTOMER555@EXAMPLE.COM","1556","2024-07-09","300.0","[{""product_id"": ""B1"", ""product_name"": ""Gadget"", ""quantity"": 2, ""price"": 150.0}]"
"557","Customer 557","""+49-7085949338""","customer556@example.com","1557","2024-07-10","150.0","[{""product_id"": ""A1"", ""product_name"": ""Widget"", ""quantity"": 1, ""price"": 50.0}, {""product_id"": ""C1"", ""product_name"": ""Doohickey"", ""quantity"": 2, ""price"": 50.0}]"
"558","Customer 558","""+91-8003089811""","CUSTOMER557@EXAMPLE.COM","1558","2024-07-11","300.0","[{""product_id"": ""B1"", ""product_name"": ""Gadget"", ""quantity"": 2, ""price"": 150.0}]"
"559","Customer 559","""+91-6153474633""","customer558@example.com","1559","2024-07-12","250.0","[{""product_id"": ""A1"", ""product_name"": ""Widget"", ""quantity"": 2, ""price"": 50.0}, {""product_id"": ""B1"", ""product_name"": ""Gadget"", ""quantity"": 1, ""price"": 150.0}]"
"560","Customer 560","""+39-2074133470""","customer559@example.com","1560","2024-07-13","150.0","[{""product_id"": ""A1"", ""product_name"": ""Widget"", ""quantity"": 1, ""price"": 50.0}, {""product_id"": ""C1"", ""product_name"": ""Doohickey"", ""quantity"": 2, ""price"": 50.0}]"
"561","Customer 561","""+34-4099703492""","customer560@example.com","1561","2024-07-14","150.0","[{""product_id"": ""A1"", ""product_name"": ""Widget"", ""quantity"": 1, ""price"": 50.0}, {""product_id"": ""C1"", ""product_name"": ""Doohickey"", ""quantity"": 2, ""price"": 50.0}]"
"562","Customer 562","""+44-3748849875""","customer561@example.com","1562","2024-07-15","300.0","[{""product_id"": ""B1"", ""product_name"": ""Gadget"", ""quantity"": 2, ""price"": 150.0}]"
"563","Customer 563","""+91-9809839154""","CUSTOMER562@EXAMPLE.COM","1563","2024-07-16","250.0","[{""product_id"": ""A1"", ""product_name"": ""Widget"", ""quantity"": 2, ""price"": 50.0}, {""product_id"": ""B1"", ""product_name"": ""Gadget"", ""quantity"": 1, ""price"": 150.0}]"
"564","Customer 564","""+91-7759700985""","CUSTOMER563@EXAMPLE.COM","1564","2024-07-17","150.0","[{""product_id"": ""A1"", ""product_name"": ""Widget"", ""quantity"": 1, ""price"": 50.0}, {""product_id"": ""C1"", ""product_name"": ""Doohickey"", ""quantity"": 2, ""price"": 50.0}]"
"565","Customer 565","""+1-2904674325""","CUSTOMER564@EXAMPLE.COM","1565","2024-07-18","300.0","[{""product_id"": ""B1"", ""product_name"": ""Gadget"", ""quantity"": 2, ""price"": 150.0}]"
"566","Customer 566","""+49-1957924199""","","1566","2024-07-19","250.0","[{""product_id"": ""A1"", ""product_name"": ""Widget"", ""quantity"": 2, ""price"": 50.0}, {""product_id"": ""B1"", ""product_name"": ""Gadget"", ""quantity"": 1, ""price"": 150.0}]"
"567","Customer 567","""+86-8912519345""","CUSTOMER566@EXAMPLE.COM","1567","2024-07-20","150.0","[{""product_id"": ""A1"", ""product_name"": ""Widget"", ""quantity"": 1, ""price"": 50.0}, {""product_id"": ""C1"", ""product_name"": ""Doohickey"", ""quantity"": 2, ""price"": 50.0}]"
"568","Customer 568","""+44-5243690685""","CUSTOMER567@EXAMPLE.COM","1568","2024-07-21","300.0","[{""product_id"": ""B1"", ""product_name"": ""Gadget"", ""quantity"": 2, ""price"": 150.0}]"
"569","Customer 569","""+34-4210202700""","N/A","1569","2024-07-22","250.0","[{""product_id"": ""A1"", ""product_name"": ""Widget"", ""quantity"": 2, ""price"": 50.0}, {""product_id"": ""B1"", ""product_name"": ""Gadget"", ""quantity"": 1, ""price"": 150.0}]"
"570","Customer 570","""+81-6308942161""","CUSTOMER569@EXAMPLE.COM","1570","2024-07-23","150.0","[{""product_id"": ""A1"", ""product_name"": ""Widget"", ""quantity"": 1, ""price"": 50.0}, {""product_id"": ""C1"", ""product_name"": ""Doohickey"", ""quantity"": 2, ""price"": 50.0}]"
"571","Customer 571","""+81-9401791867""","","1571","2024-07-24","250.0","[{""product_id"": ""A1"", ""product_name"": ""Widget"", ""quantity"": 2, ""price"": 50.0}, {""product_id"": ""B1"", ""product_name"": ""Gadget"", ""quantity"": 1, ""price"": 150.0}]"
"572","Customer 572","""+61-2623177279""","","1572","2024-07-25","300.0","[{""product_id"": ""B1"", ""product_name"": ""Gadget"", ""quantity"": 2, ""price"": 150.0}]"
"573","Customer 573","""+39-1785244337""","customer572@example.com","1573","2024-07-26","300.0","[{""product_id"": ""B1"", ""product_name"": ""Gadget"", ""quantity"": 2, ""price"": 150.0}]"
"574","Customer 574","""+34-3627433048""","customer573@example.com","1574","2024-07-27","150.0","[{""product_id"": ""A1"", ""product_name"": ""Widget"", ""quantity"": 1, ""price"": 50.0}, {""product_id"": ""C1"", ""product_name"": ""Doohickey"", ""quantity"": 2, ""price"": 50.0}]"
"575","Customer 575","""+49-5603000276""","customer574@example.com","1575","2024-07-28","250.0","[{""product_id"": ""A1"", ""product_name"": ""Widget"", ""quantity"": 2, ""price"": 50.0}, {""product_id"": ""B1"", ""product_name"": ""Gadget"", ""quantity"": 1, ""price"": 150.0}]"
"576","Customer 576","""+34-6519135968""","CUSTOMER575@EXAMPLE.COM","1576","2024-07-29","150.0","[{""product_id"": ""A1"", ""product_name"": ""Widget"", ""quantity"": 1, ""price"": 50.0}, {""product_id"": ""C1"", ""product_name"": ""Doohickey"", ""quantity"": 2, ""price"": 50.0}]"
"577","Customer 577","""+34-7075438253""","invalid-email","1577","2024-07-30","300.0","[{""product_id"": ""B1"", ""product_name"": ""Gadget"", ""quantity"": 2, ""price"": 150.0}]"
"578","Customer 578","""+1-9238885878""","CUSTOMER577@EXAMPLE.COM","1578","2024-07-31","250.0","[{""product_id"": ""A1"", ""product_name"": ""Widget"", ""quantity"": 2, ""price"": 50.0}, {""product_id"": ""B1"", ""product_name"": ""Gadget"", ""quantity"": 1, ""price"": 150.0}]"
"579","Customer 579","""+39-3672562310""","CUSTOMER578@EXAMPLE.COM","1579","2024-08-01","250.0","[{""product_id"": ""A1"", ""product_name"": ""Widget"", ""quantity"": 2, ""price"": 50.0}, {""product_id"": ""B1"", ""product_name"": ""Gadget"", ""quantity"": 1, ""price"": 150.0}]"
"580","Customer 580","""+39-5894133440""","CUSTOMER579@EXAMPLE.COM","1580","2024-08-02","300.0","[{""product_id"": ""B1"", ""product_name"": ""Gadget"", ""quantity"": 2, ""price"": 150.0}]"
"581","Customer 581","""+61-6230207281""","CUSTOMER580@EXAMPLE.COM","1581","2024-08-03","250.0","[{""product_id"": ""A1"", ""product_name"": ""Widget"", ""quantity"": 2, ""price"": 50.0}, {""product_id"": ""B1"", ""product_name"": ""Gadget"", ""quantity"": 1, ""price"": 150.0}]"
"582","Customer 582","""+91-9289870481""","CUSTOMER581@EXAMPLE.COM","1582","2024-08-04","250.0","[{""product_id"": ""A1"", ""product_name"": ""Widget"", ""quantity"": 2, ""price"": 50.0}, {""product_id"": ""B1"", ""product_name"": ""Gadget"", ""quantity"": 1, ""price"": 150.0}]"
"583","Customer 583","""+44-2909967205""","CUSTOMER582@EXAMPLE.COM","1583","2024-08-05","250.0","[{""product_id"": ""A1"", ""product_name"": ""Widget"", ""quantity"": 2, ""price"": 50.0}, {""product_id"": ""B1"", ""product_name"": ""Gadget"", ""quantity"": 1, ""price"": 150.0}]"
"584","Customer 584","""+33-1122813550""","customer583@example.com","1584","2024-08-06","300.0","[{""product_id"": ""B1"", ""product_name"": ""Gadget"", ""quantity"": 2, ""price"": 150.0}]"
"585","Customer 585","""+33-6711927620""","CUSTOMER584@EXAMPLE.COM","1585","2024-08-07","150.0","[{""product_id"": ""A1"", ""product_name"": ""Widget"", ""quantity"": 1, ""price"": 50.0}, {""product_id"": ""C1"", ""product_name"": ""Doohickey"", ""quantity"": 2, ""price"": 50.0}]"
"586","Customer 586","""+1-6818052444""","customer585@example.com","1586","2024-08-08","250.0","[{""product_id"": ""A1"", ""product_name"": ""Widget"", ""quantity"": 2, ""price"": 50.0}, {""product_id"": ""B1"", ""product_name"": ""Gadget"", ""quantity"": 1, ""price"": 150.0}]"
"587","Customer 587","""123456""","CUSTOMER586@EXAMPLE.COM","1587","2024-08-09","250.0","[{""product_id"": ""A1"", ""product_name"": ""Widget"", ""quantity"": 2, ""price"": 50.0}, {""product_id"": ""B1"", ""product_name"": ""Gadget"", ""quantity"": 1, ""price"": 150.0}]"
"588","Customer 588","""+49-6821207537""","customer587@example.com","1588","2024-08-10","250.0","[{""product_id"": ""A1"", ""product_name"": ""Widget"", ""quantity"": 2, ""price"": 50.0}, {""product_id"": ""B1"", ""product_name"": ""Gadget"", ""quantity"": 1, ""price"": 150.0}]"
"589","Customer 589","""+81-7714606818""","customer588@example.com","1589","2024-08-11","250.0","[{""product_id"": ""A1"", ""product_name"": ""Widget"", ""quantity"": 2, ""price"": 50.0}, {""product_id"": ""B1"", ""product_name"": ""Gadget"", ""quantity"": 1, ""price"": 150.0}]"
"590","Customer 590","""+61-3922387210""","customer589@example.com","1590","2024-08-12","300.0","[{""product_id"": ""B1"", ""product_name"": ""Gadget"", ""quantity"": 2, ""price"": 150.0}]"
"591","Customer 591","""+33-5800037650""","CUSTOMER590@EXAMPLE.COM","1591","2024-08-13","300.0","[{""product_id"": ""B1"", ""product_name"": ""Gadget"", ""quantity"": 2, ""price"": 150.0}]"
"592","Customer 592","""+91-5923206505""","CUSTOMER591@EXAMPLE.COM","1592","2024-08-14","150.0","[{""product_id"": ""A1"", ""product_name"": ""Widget"", ""quantity"": 1, ""price"": 50.0}, {""product_id"": ""C1"", ""product_name"": ""Doohickey"", ""quantity"": 2, ""price"": 50.0}]"
"593","Customer 593","""+39-9247513446""","customer592@example.com","1593","2024-08-15","150.0","[{""product_id"": ""A1"", ""product_name"": ""Widget"", ""quantity"": 1, ""price"": 50.0}, {""product_id"": ""C1"", ""product_name"": ""Doohickey"", ""quantity"": 2, ""price"": 50.0}]"
"594","Customer 594","""+86-5290563100""","CUSTOMER593@EXAMPLE.COM","1594","2024-08-16","150.0","[{""product_id"": ""A1"", ""product_name"": ""Widget"", ""quantity"": 1, ""price"": 50.0}, {""product_id"": ""C1"", ""product_name"": ""Doohickey"", ""quantity"": 2, ""price"": 50.0}]"
"595","Customer 595","""N/A""","CUSTOMER594@EXAMPLE.COM","1595","2024-08-17","150.0","[{""product_id"": ""A1"", ""product_name"": ""Widget"", ""quantity"": 1, ""price"": 50.0}, {""product_id"": ""C1"", ""product_name"": ""Doohickey"", ""quantity"": 2, ""price"": 50.0}]"
"596","Customer 596","""+39-8861792203""","customer595@example.com","1596","2024-08-18","250.0","[{""product_id"": ""A1"", ""product_name"": ""Widget"", ""quantity"": 2, ""price"": 50.0}, {""product_id"": ""B1"", ""product_name"": ""Gadget"", ""quantity"": 1, ""price"": 150.0}]"
"597","Customer 597","""+91-9515107817""","customer596@example.com","1597","2024-08-19","250.0","[{""product_id"": ""A1"", ""product_name"": ""Widget"", ""quantity"": 2, ""price"": 50.0}, {""product_id"": ""B1"", ""product_name"": ""Gadget"", ""quantity"": 1, ""price"": 150.0}]"
"598","Customer 598","""+86-7919990663""","customer597@example.com","1598","2024-08-20","300.0","[{""product_id"": ""B1"", ""product_name"": ""Gadget"", ""quantity"": 2, ""price"": 150.0}]"
"599","Customer 599","""+39-8978209582""","CUSTOMER598@EXAMPLE.COM","1599","2024-08-21","250.0","[{""product_id"": ""A1"", ""product_name"": ""Widget"", ""quantity"": 2, ""price"": 50.0}, {""product_id"": ""B1"", ""product_name"": ""Gadget"", ""quantity"": 1, ""price"": 150.0}]"
"600","Customer 600","""+91-1671907189""","CUSTOMER599@EXAMPLE.COM","1600","2024-08-22","300.0","[{""product_id"": ""B1"", ""product_name"": ""Gadget"", ""quantity"": 2, ""price"": 150.0}]"
"601","Customer 601","""+86-3100068540""","customer600@example.com","1601","2024-08-23","300.0","[{""product_id"": ""B1"", ""product_name"": ""Gadget"", ""quantity"": 2, ""price"": 150.0}]"
"602","Customer 602","""+49-8688300644""","customer601@example.com","1602","2024-08-24","300.0","[{""product_id"": ""B1"", ""product_name"": ""Gadget"", ""quantity"": 2, ""price"": 150.0}]"
"603","Customer 603","""+1-5292808449""","CUSTOMER602@EXAMPLE.COM","1603","2024-08-25","150.0","[{""product_id"": ""A1"", ""product_name"": ""Widget"", ""quantity"": 1, ""price"": 50.0}, {""product_id"": ""C1"", ""product_name"": ""Doohickey"", ""quantity"": 2, ""price"": 50.0}]"
"604","Customer 604","""+49-9644571837""","customer603@example.com","1604","2024-08-26","300.0","[{""product_id"": ""B1"", ""product_name"": ""Gadget"", ""quantity"": 2, ""price"": 150.0}]"
"605","Customer 605","""123456""","CUSTOMER604@EXAMPLE.COM","1605","2024-08-27","300.0","[{""product_id"": ""B1"", ""product_name"": ""Gadget"", ""quantity"": 2, ""price"": 150.0}]"
"606","Customer 606","""+34-1044892258""","customer605@example.com","1606","2024-08-28","250.0","[{""product_id"": ""A1"", ""product_name"": ""Widget"", ""quantity"": 2, ""price"": 50.0}, {""product_id"": ""B1"", ""product_name"": ""Gadget"", ""quantity"": 1, ""price"": 150.0}]"
"607","Customer 607","""+1-6640179635""","customer606@example.com","1607","2024-08-29","250.0","[{""product_id"": ""A1"", ""product_name"": ""Widget"", ""quantity"": 2, ""price"": 50.0}, {""product_id"": ""B1"", ""product_name"": ""Gadget"", ""quantity"": 1, ""price"": 150.0}]"
"608","Customer 608","""+33-5121079739""","customer607@example.com","1608","2024-08-30","150.0","[{""product_id"": ""A1"", ""product_name"": ""Widget"", ""quantity"": 1, ""price"": 50.0}, {""product_id"": ""C1"", ""product_name"": ""Doohickey"", ""quantity"": 2, ""price"": 50.0}]"
"609","Customer 609","""+61-6131779429""","customer608@example.com","1609","2024-08-31","150.0","[{""product_id"": ""A1"", ""product_name"": ""Widget"", ""quantity"": 1, ""price"": 50.0}, {""product_id"": ""C1"", ""product_name"": ""Doohickey"", ""quantity"": 2, ""price"": 50.0}]"
"610","Customer 610","""+1-5249454167""","customer609@example.com","1610","2024-09-01","300.0","[{""product_id"": ""B1"", ""product_name"": ""Gadget"", ""quantity"": 2, ""price"": 150.0}]"
"611","Customer 611","""N/A""","CUSTOMER610@EXAMPLE.COM","1611","2024-09-02","300.0","[{""product_id"": ""B1"", ""product_name"": ""Gadget"", ""quantity"": 2, ""price"": 150.0}]"
"612","Customer 612","""+39-6710051989""","customer611@example.com","1612","2024-09-03","300.0","[{""product_id"": ""B1"", ""product_name"": ""Gadget"", ""quantity"": 2, ""price"": 150.0}]"
"613","Customer 613","""+33-2104368313""","","1613","2024-09-04","300.0","[{""product_id"": ""B1"", ""product_name"": ""Gadget"", ""quantity"": 2, ""price"": 150.0}]"
"614","Customer 614","""+49-8762170386""","CUSTOMER613@EXAMPLE.COM","1614","2024-09-05","150.0","[{""product_id"": ""A1"", ""product_name"": ""Widget"", ""quantity"": 1, ""price"": 50.0}, {""product_id"": ""C1"", ""product_name"": ""Doohickey"", ""quantity"": 2, ""price"": 50.0}]"
"615","Customer 615","""+91-2459130058""","customer614@example.com","1615","2024-09-06","300.0","[{""product_id"": ""B1"", ""product_name"": ""Gadget"", ""quantity"": 2, ""price"": 150.0}]"
"616","Customer 616","""+86-9447707625""","CUSTOMER615@EXAMPLE.COM","1616","2024-09-07","150.0","[{""product_id"": ""A1"", ""product_name"": ""Widget"", ""quantity"": 1, ""price"": 50.0}, {""product_id"": ""C1"", ""product_name"": ""Doohickey"", ""quantity"": 2, ""price"": 50.0}]"
"617","Customer 617","""+81-1702212039""","CUSTOMER616@EXAMPLE.COM","1617","2024-09-08","150.0","[{""product_id"": ""A1"", ""product_name"": ""Widget"", ""quantity"": 1, ""price"": 50.0}, {""product_id"": ""C1"", ""product_name"": ""Doohickey"", ""quantity"": 2, ""price"": 50.0}]"
"618","Customer 618","""+39-4213343745""","customer617@example.com","1618","2024-09-09","300.0","[{""product_id"": ""B1"", ""product_name"": ""Gadget"", ""quantity"": 2, ""price"": 150.0}]"
"619","Customer 619","""+33-8527359403""","customer618@example.com","1619","2024-09-10","300.0","[{""product_id"": ""B1"", ""product_name"": ""Gadget"", ""quantity"": 2, ""price"": 150.0}]"
"620","Customer 620","""+33-1936559439""","CUSTOMER619@EXAMPLE.COM","1620","2024-09-11","250.0","[{""product_id"": ""A1"", ""product_name"": ""Widget"", ""quantity"": 2, ""price"": 50.0}, {""product_id"": ""B1"", ""product_name"": ""Gadget"", ""quantity"": 1, ""price"": 150.0}]"
"621","Customer 621","""+61-5735768057""","CUSTOMER620@EXAMPLE.COM","1621","2024-09-12","150.0","[{""product_id"": ""A1"", ""product_name"": ""Widget"", ""quantity"": 1, ""price"": 50.0}, {""product_id"": ""C1"", ""product_name"": ""Doohickey"", ""quantity"": 2, ""price"": 50.0}]"
"622","Customer 622","""+81-9954591009""","customer621@example.com","1622","2024-09-13","250.0","[{""product_id"": ""A1"", ""product_name"": ""Widget"", ""quantity"": 2, ""price"": 50.0}, {""product_id"": ""B1"", ""product_name"": ""Gadget"", ""quantity"": 1, ""price"": 150.0}]"
"623","Customer 623","""+91-6179265903""","customer622@example.com","1623","2024-09-14","150.0","[{""product_id"": ""A1"", ""product_name"": ""Widget"", ""quantity"": 1, ""price"": 50.0}, {""product_id"": ""C1"", ""product_name"": ""Doohickey"", ""quantity"": 2, ""price"": 50.0}]"
"624","Customer 624","""123456""","n/a","1624","2024-09-15","150.0","[{""product_id"": ""A1"", ""product_name"": ""Widget"", ""quantity"": 1, ""price"": 50.0}, {""product_id"": ""C1"", ""product_name"": ""Doohickey"", ""quantity"": 2, ""price"": 50.0}]"
"625","Customer 625","""+49-2900779337""","customer624@example.com","1625","2024-09-16","300.0","[{""product_id"": ""B1"", ""product_name"": ""Gadget"", ""quantity"": 2, ""price"": 150.0}]"
"626","Customer 626","""+91-8490953734""","CUSTOMER625@EXAMPLE.COM","1626","2024-09-17","250.0","[{""product_id"": ""A1"", ""product_name"": ""Widget"", ""quantity"": 2, ""price"": 50.0}, {""product_id"": ""B1"", ""product_name"": ""Gadget"", ""quantity"": 1, ""price"": 150.0}]"
"627","Customer 627","""+44-5640083192""","customer626@example.com","1627","2024-09-18","250.0","[{""product_id"": ""A1"", ""product_name"": ""Widget"", ""quantity"": 2, ""price"": 50.0}, {""product_id"": ""B1"", ""product_name"": ""Gadget"", ""quantity"": 1, ""price"": 150.0}]"
"628","Customer 628","""+39-6956501102""","CUSTOMER627@EXAMPLE.COM","1628","2024-09-19","150.0","[{""product_id"": ""A1"", ""product_name"": ""Widget"", ""quantity"": 1, ""price"": 50.0}, {""product_id"": ""C1"", ""product_name"": ""Doohickey"", ""quantity"": 2, ""price"": 50.0}]"
"629","Customer 629","""N/A""","customer628@example.com","1629","2024-09-20","150.0","[{""product_id"": ""A1"", ""product_name"": ""Widget"", ""quantity"": 1, ""price"": 50.0}, {""product_id"": ""C1"", ""product_name"": ""Doohickey"", ""quantity"": 2, ""price"": 50.0}]"
"630","Customer 630","""+1-4853046948""","CUSTOMER629@EXAMPLE.COM","1630","2024-09-21","250.0","[{""product_id"": ""A1"", ""product_name"": ""Widget"", ""quantity"": 2, ""price"": 50.0}, {""product_id"": ""B1"", ""product_name"": ""Gadget"", ""quantity"": 1, ""price"": 150.0}]"
"631","Customer 631","""+81-2485020989""","CUSTOMER630@EXAMPLE.COM","1631","2024-09-22","250.0","[{""product_id"": ""A1"", ""product_name"": ""Widget"", ""quantity"": 2, ""price"": 50.0}, {""product_id"": ""B1"", ""product_name"": ""Gadget"", ""quantity"": 1, ""price"": 150.0}]"
"632","Customer 632","""+34-1022329135""","customer631@example.com","1632","2024-09-23","250.0","[{""product_id"": ""A1"", ""product_name"": ""Widget"", ""quantity"": 2, ""price"": 50.0}, {""product_id"": ""B1"", ""product_name"": ""Gadget"", ""quantity"": 1, ""price"": 150.0}]"
"633","Customer 633","""+34-3364168225""","customer632@example.com","1633","2024-09-24","300.0","[{""product_id"": ""B1"", ""product_name"": ""Gadget"", ""quantity"": 2, ""price"": 150.0}]"
"634","Customer 634","","customer633@example.com","1634","2024-09-25","300.0","[{""product_id"": ""B1"", ""product_name"": ""Gadget"", ""quantity"": 2, ""price"": 150.0}]"
"635","Customer 635","""123456""","N/A","1635","2024-09-26","150.0","[{""product_id"": ""A1"", ""product_name"": ""Widget"", ""quantity"": 1, ""price"": 50.0}, {""product_id"": ""C1"", ""product_name"": ""Doohickey"", ""quantity"": 2, ""price"": 50.0}]"
"636","Customer 636","""+33-4526978845""","CUSTOMER635@EXAMPLE.COM","1636","2024-09-27","250.0","[{""product_id"": ""A1"", ""product_name"": ""Widget"", ""quantity"": 2, ""price"": 50.0}, {""product_id"": ""B1"", ""product_name"": ""Gadget"", ""quantity"": 1, ""price"": 150.0}]"
"637","Customer 637","""+91-3026063934""","CUSTOMER636@EXAMPLE.COM","1637","2024-09-28","150.0","[{""product_id"": ""A1"", ""product_name"": ""Widget"", ""quantity"": 1, ""price"": 50.0}, {""product_id"": ""C1"", ""product_name"": ""Doohickey"", ""quantity"": 2, ""price"": 50.0}]"
"638","Customer 638","""+44-5621637777""","customer637@example.com","1638","2024-09-29","300.0","[{""product_id"": ""B1"", ""product_name"": ""Gadget"", ""quantity"": 2, ""price"": 150.0}]"
"639","Customer 639","""+81-7327956289""","n/a","1639","2024-09-30","300.0","[{""product_id"": ""B1"", ""product_name"": ""Gadget"", ""quantity"": 2, ""price"": 150.0}]"
"640","Customer 640","""+44-5899885703""","","1640","2024-10-01","250.0","[{""product_id"": ""A1"", ""product_name"": ""Widget"", ""quantity"": 2, ""price"": 50.0}, {""product_id"": ""B1"", ""product_name"": ""Gadget"", ""quantity"": 1, ""price"": 150.0}]"
"641","Customer 641","""+34-4799970716""","customer640@example.com","1641","2024-10-02","150.0","[{""product_id"": ""A1"", ""product_name"": ""Widget"", ""quantity"": 1, ""price"": 50.0}, {""product_id"": ""C1"", ""product_name"": ""Doohickey"", ""quantity"": 2, ""price"": 50.0}]"
"642","Customer 642","""+86-6959823550""","","1642","2024-10-03","300.0","[{""product_id"": ""B1"", ""product_name"": ""Gadget"", ""quantity"": 2, ""price"": 150.0}]"
"643","Customer 643","""+34-7975481992""","customer642@example.com","1643","2024-10-04","250.0","[{""product_id"": ""A1"", ""product_name"": ""Widget"", ""quantity"": 2, ""price"": 50.0}, {""product_id"": ""B1"", ""product_name"": ""Gadget"", ""quantity"": 1, ""price"": 150.0}]"
"644","Customer 644","""+33-9674521626""","customer643@example.com","1644","2024-10-05","150.0","[{""product_id"": ""A1"", ""product_name"": ""Widget"", ""quantity"": 1, ""price"": 50.0}, {""product_id"": ""C1"", ""product_name"": ""Doohickey"", ""quantity"": 2, ""price"": 50.0}]"
"645","Customer 645","""123456""","customer644@example.com","1645","2024-10-06","300.0","[{""product_id"": ""B1"", ""product_name"": ""Gadget"", ""quantity"": 2, ""price"": 150.0}]"
"646","Customer 646","""+33-6646508049""","customer645@example.com","1646","2024-10-07","300.0","[{""product_id"": ""B1"", ""product_name"": ""Gadget"", ""quantity"": 2, ""price"": 150.0}]"
"647","Customer 647","""+1-5978276629""","customer646@example.com","1647","2024-10-08","250.0","[{""product_id"": ""A1"", ""product_name"": ""Widget"", ""quantity"": 2, ""price"": 50.0}, {""product_id"": ""B1"", ""product_name"": ""Gadget"", ""quantity"": 1, ""price"": 150.0}]"
"648","Customer 648","""+44-4975818727""","customer647@example.com","1648","2024-10-09","150.0","[{""product_id"": ""A1"", ""product_name"": ""Widget"", ""quantity"": 1, ""price"": 50.0}, {""product_id"": ""C1"", ""product_name"": ""Doohickey"", ""quantity"": 2, ""price"": 50.0}]"
"649","Customer 649","""+34-9332191154""","CUSTOMER648@EXAMPLE.COM","1649","2024-10-10","250.0","[{""product_id"": ""A1"", ""product_name"": ""Widget"", ""quantity"": 2, ""price"": 50.0}, {""product_id"": ""B1"", ""product_name"": ""Gadget"", ""quantity"": 1, ""price"": 150.0}]"
"650","Customer 650","""+33-4248989147""","customer649@example.com","1650","2024-10-11","300.0","[{""product_id"": ""B1"", ""product_name"": ""Gadget"", ""quantity"": 2, ""price"": 150.0}]"
"651","Customer 651","""+1-3220562269""","CUSTOMER650@EXAMPLE.COM","1651","2024-10-12","150.0","[{""product_id"": ""A1"", ""product_name"": ""Widget"", ""quantity"": 1, ""price"": 50.0}, {""product_id"": ""C1"", ""product_name"": ""Doohickey"", ""quantity"": 2, ""price"": 50.0}]"
"652","Customer 652","""+33-9012839793""","customer651@example.com","1652","2024-10-13","250.0","[{""product_id"": ""A1"", ""product_name"": ""Widget"", ""quantity"": 2, ""price"": 50.0}, {""product_id"": ""B1"", ""product_name"": ""Gadget"", ""quantity"": 1, ""price"": 150.0}]"
"653","Customer 653","""+91-9700546365""","","1653","2024-10-14","300.0","[{""product_id"": ""B1"", ""product_name"": ""Gadget"", ""quantity"": 2, ""price"": 150.0}]"
"654","Customer 654","""+33-8108263552""","CUSTOMER653@EXAMPLE.COM","1654","2024-10-15","300.0","[{""product_id"": ""B1"", ""product_name"": ""Gadget"", ""quantity"": 2, ""price"": 150.0}]"
"655","Customer 655","""+81-3993462198""","CUSTOMER654@EXAMPLE.COM","1655","2024-10-16","250.0","[{""product_id"": ""A1"", ""product_name"": ""Widget"", ""quantity"": 2, ""price"": 50.0}, {""product_id"": ""B1"", ""product_name"": ""Gadget"", ""quantity"": 1, ""price"": 150.0}]"
"656","Customer 656","""+44-4123148190""","CUSTOMER655@EXAMPLE.COM","1656","2024-10-17","300.0","[{""product_id"": ""B1"", ""product_name"": ""Gadget"", ""quantity"": 2, ""price"": 150.0}]"
"657","Customer 657","""+86-1952957387""","CUSTOMER656@EXAMPLE.COM","1657","2024-10-18","150.0","[{""product_id"": ""A1"", ""product_name"": ""Widget"", ""quantity"": 1, ""price"": 50.0}, {""product_id"": ""C1"", ""product_name"": ""Doohickey"", ""quantity"": 2, ""price"": 50.0}]"
"658","Customer 658","""+81-5970986978""","customer657@example.com","1658","2024-10-19","300.0","[{""product_id"": ""B1"", ""product_name"": ""Gadget"", ""quantity"": 2, ""price"": 150.0}]"
"659","Customer 659","""+34-1496700792""","customer658@example.com","1659","2024-10-20","150.0","[{""product_id"": ""A1"", ""product_name"": ""Widget"", ""quantity"": 1, ""price"": 50.0}, {""product_id"": ""C1"", ""product_name"": ""Doohickey"", ""quantity"": 2, ""price"": 50.0}]"
"660","Customer 660","""123456""","customer659@example.com","1660","2024-10-21","150.0","[{""product_id"": ""A1"", ""product_name"": ""Widget"", ""quantity"": 1, ""price"": 50.0}, {""product_id"": ""C1"", ""product_name"": ""Doohickey"", ""quantity"": 2, ""price"": 50.0}]"
"661","Customer 661","""+1-7232484867""","CUSTOMER660@EXAMPLE.COM","1661","2024-10-22","150.0","[{""product_id"": ""A1"", ""product_name"": ""Widget"", ""quantity"": 1, ""price"": 50.0}, {""product_id"": ""C1"", ""product_name"": ""Doohickey"", ""quantity"": 2, ""price"": 50.0}]"
"662","Customer 662","""+1-5506919060""","CUSTOMER661@EXAMPLE.COM","1662","2024-10-23","300.0","[{""product_id"": ""B1"", ""product_name"": ""Gadget"", ""quantity"": 2, ""price"": 150.0}]"
"663","Customer 663","""+61-2368167740""","customer662@example.com","1663","2024-10-24","150.0","[{""product_id"": ""A1"", ""product_name"": ""Widget"", ""quantity"": 1, ""price"": 50.0}, {""product_id"": ""C1"", ""product_name"": ""Doohickey"", ""quantity"": 2, ""price"": 50.0}]"
"664","Customer 664","""+86-5973906642""","customer663@example.com","1664","2024-10-25","300.0","[{""product_id"": ""B1"", ""product_name"": ""Gadget"", ""quantity"": 2, ""price"": 150.0}]"
"665","Customer 665","""+39-8530187625""","customer664@example.com","1665","2024-10-26","300.0","[{""product_id"": ""B1"", ""product_name"": ""Gadget"", ""quantity"": 2, ""price"": 150.0}]"
"666","Customer 666","""+34-7135816640""","customer665@example.com","1666","2024-10-27","150.0","[{""product_id"": ""A1"", ""product_name"": ""Widget"", ""quantity"": 1, ""price"": 50.0}, {""product_id"": ""C1"", ""product_name"": ""Doohickey"", ""quantity"": 2, ""price"": 50.0}]"
"667","Customer 667","""+39-5565485202""","customer666@example.com","1667","2024-10-28","150.0","[{""product_id"": ""A1"", ""product_name"": ""Widget"", ""quantity"": 1, ""price"": 50.0}, {""product_id"": ""C1"", ""product_name"": ""Doohickey"", ""quantity"": 2, ""price"": 50.0}]"
"668","Customer 668","""+81-8026959159""","customer667@example.com","1668","2024-10-29","300.0","[{""product_id"": ""B1"", ""product_name"": ""Gadget"", ""quantity"": 2, ""price"": 150.0}]"
"669","Customer 669","""+34-6501712354""","customer668@example.com","1669","2024-10-30","150.0","[{""product_id"": ""A1"", ""product_name"": ""Widget"", ""quantity"": 1, ""price"": 50.0}, {""product_id"": ""C1"", ""product_name"": ""Doohickey"", ""quantity"": 2, ""price"": 50.0}]"
"670","Customer 670","""+34-7723552833""","n/a","1670","2024-10-31","300.0","[{""product_id"": ""B1"", ""product_name"": ""Gadget"", ""quantity"": 2, ""price"": 150.0}]"
"671","Customer 671","""+49-9297424686""","customer670@example.com","1671","2024-11-01","150.0","[{""product_id"": ""A1"", ""product_name"": ""Widget"", ""quantity"": 1, ""price"": 50.0}, {""product_id"": ""C1"", ""product_name"": ""Doohickey"", ""quantity"": 2, ""price"": 50.0}]"
"672","Customer 672","""+44-5589856893""","customer671@example.com","1672","2024-11-02","150.0","[{""product_id"": ""A1"", ""product_name"": ""Widget"", ""quantity"": 1, ""price"": 50.0}, {""product_id"": ""C1"", ""product_name"": ""Doohickey"", ""quantity"": 2, ""price"": 50.0}]"
"673","Customer 673","""+81-9538266918""","CUSTOMER672@EXAMPLE.COM","1673","2024-11-03","150.0","[{""product_id"": ""A1"", ""product_name"": ""Widget"", ""quantity"": 1, ""price"": 50.0}, {""product_id"": ""C1"", ""product_name"": ""Doohickey"", ""quantity"": 2, ""price"": 50.0}]"
"674","Customer 674","""+91-4970710384""","customer673@example.com","1674","2024-11-04","150.0","[{""product_id"": ""A1"", ""product_name"": ""Widget"", ""quantity"": 1, ""price"": 50.0}, {""product_id"": ""C1"", ""product_name"": ""Doohickey"", ""quantity"": 2, ""price"": 50.0}]"
"675","Customer 675","","customer674@example.com","1675","2024-11-05","250.0","[{""product_id"": ""A1"", ""product_name"": ""Widget"", ""quantity"": 2, ""price"": 50.0}, {""product_id"": ""B1"", ""product_name"": ""Gadget"", ""quantity"": 1, ""price"": 150.0}]"
"676","Customer 676","""+61-2819171334""","CUSTOMER675@EXAMPLE.COM","1676","2024-11-06","150.0","[{""product_id"": ""A1"", ""product_name"": ""Widget"", ""quantity"": 1, ""price"": 50.0}, {""product_id"": ""C1"", ""product_name"": ""Doohickey"", ""quantity"": 2, ""price"": 50.0}]"
"677","Customer 677","""+61-9692816928""","customer676@example.com","1677","2024-11-07","150.0","[{""product_id"": ""A1"", ""product_name"": ""Widget"", ""quantity"": 1, ""price"": 50.0}, {""product_id"": ""C1"", ""product_name"": ""Doohickey"", ""quantity"": 2, ""price"": 50.0}]"
"678","Customer 678","""+81-1276666248""","customer677@example.com","1678","2024-11-08","250.0","[{""product_id"": ""A1"", ""product_name"": ""Widget"", ""quantity"": 2, ""price"": 50.0}, {""product_id"": ""B1"", ""product_name"": ""Gadget"", ""quantity"": 1, ""price"": 150.0}]"
"679","Customer 679","""+86-3131808249""","CUSTOMER678@EXAMPLE.COM","1679","2024-11-09","300.0","[{""product_id"": ""B1"", ""product_name"": ""Gadget"", ""quantity"": 2, ""price"": 150.0}]"
"680","Customer 680","""""","CUSTOMER679@EXAMPLE.COM","1680","2024-11-10","300.0","[{""product_id"": ""B1"", ""product_name"": ""Gadget"", ""quantity"": 2, ""price"": 150.0}]"
"681","Customer 681","""+61-3043555266""","customer680@example.com","1681","2024-11-11","300.0","[{""product_id"": ""B1"", ""product_name"": ""Gadget"", ""quantity"": 2, ""price"": 150.0}]"
"682","Customer 682","""+39-4446375502""","CUSTOMER681@EXAMPLE.COM","1682","2024-11-12","300.0","[{""product_id"": ""B1"", ""product_name"": ""Gadget"", ""quantity"": 2, ""price"": 150.0}]"
"683","Customer 683","""N/A""","CUSTOMER682@EXAMPLE.COM","1683","2024-11-13","150.0","[{""product_id"": ""A1"", ""product_name"": ""Widget"", ""quantity"": 1, ""price"": 50.0}, {""product_id"": ""C1"", ""product_name"": ""Doohickey"", ""quantity"": 2, ""price"": 50.0}]"
"684","Customer 684","""+49-6169129978""","CUSTOMER683@EXAMPLE.COM","1684","2024-11-14","250.0","[{""product_id"": ""A1"", ""product_name"": ""Widget"", ""quantity"": 2, ""price"": 50.0}, {""product_id"": ""B1"", ""product_name"": ""Gadget"", ""quantity"": 1, ""price"": 150.0}]"
"685","Customer 685","""+34-8911127380""","CUSTOMER684@EXAMPLE.COM","1685","2024-11-15","300.0","[{""product_id"": ""B1"", ""product_name"": ""Gadget"", ""quantity"": 2, ""price"": 150.0}]"
"686","Customer 686","""+34-9768972700""","CUSTOMER685@EXAMPLE.COM","1686","2024-11-16","250.0","[{""product_id"": ""A1"", ""product_name"": ""Widget"", ""quantity"": 2, ""price"": 50.0}, {""product_id"": ""B1"", ""product_name"": ""Gadget"", ""quantity"": 1, ""price"": 150.0}]"
"687","Customer 687","""+33-7463942005""","customer686@example.com","1687","2024-11-17","300.0","[{""product_id"": ""B1"", ""product_name"": ""Gadget"", ""quantity"": 2, ""price"": 150.0}]"
"688","Customer 688","""+1-9781637379""","CUSTOMER687@EXAMPLE.COM","1688","2024-11-18","300.0","[{""product_id"": ""B1"", ""product_name"": ""Gadget"", ""quantity"": 2, ""price"": 150.0}]"
"689","Customer 689","","customer688@example.com","1689","2024-11-19","150.0","[{""product_id"": ""A1"", ""product_name"": ""Widget"", ""quantity"": 1, ""price"": 50.0}, {""product_id"": ""C1"", ""product_name"": ""Doohickey"", ""quantity"": 2, ""price"": 50.0}]"
"690","Customer 690","""+33-2598718881""","customer689@example.com","1690","2024-11-20","150.0","[{""product_id"": ""A1"", ""product_name"": ""Widget"", ""quantity"": 1, ""price"": 50.0}, {""product_id"": ""C1"", ""product_name"": ""Doohickey"", ""quantity"": 2, ""price"": 50.0}]"
"691","Customer 691","""+39-3681481174""","customer690@example.com","1691","2024-11-21","300.0","[{""product_id"": ""B1"", ""product_name"": ""Gadget"", ""quantity"": 2, ""price"": 150.0}]"
"692","Customer 692","""+1-8548507732""","customer691@example.com","1692","2024-11-22","250.0","[{""product_id"": ""A1"", ""product_name"": ""Widget"", ""quantity"": 2, ""price"": 50.0}, {""product_id"": ""B1"", ""product_name"": ""Gadget"", ""quantity"": 1, ""price"": 150.0}]"
"693","Customer 693","""+44-7362456643""","CUSTOMER692@EXAMPLE.COM","1693","2024-11-23","300.0","[{""product_id"": ""B1"", ""product_name"": ""Gadget"", ""quantity"": 2, ""price"": 150.0}]"
"694","Customer 694","""+61-2935990805""","customer693@example.com","1694","2024-11-24","150.0","[{""product_id"": ""A1"", ""product_name"": ""Widget"", ""quantity"": 1, ""price"": 50.0}, {""product_id"": ""C1"", ""product_name"": ""Doohickey"", ""quantity"": 2, ""price"": 50.0}]"
"695","Customer 695","""+86-3693528427""","CUSTOMER694@EXAMPLE.COM","1695","2024-11-25","250.0","[{""product_id"": ""A1"", ""product_name"": ""Widget"", ""quantity"": 2, ""price"": 50.0}, {""product_id"": ""B1"", ""product_name"": ""Gadget"", ""quantity"": 1, ""price"": 150.0}]"
"696","Customer 696","""+33-8845583004""","customer695@example.com","1696","2024-11-26","300.0","[{""product_id"": ""B1"", ""product_name"": ""Gadget"", ""quantity"": 2, ""price"": 150.0}]"
"697","Customer 697","""+33-4256647083""","","1697","2024-11-27","300.0","[{""product_id"": ""B1"", ""product_name"": ""Gadget"", ""quantity"": 2, ""price"": 150.0}]"
"698","Customer 698","""+61-9206772718""","customer697@example.com","1698","2024-11-28","150.0","[{""product_id"": ""A1"", ""product_name"": ""Widget"", ""quantity"": 1, ""price"": 50.0}, {""product_id"": ""C1"", ""product_name"": ""Doohickey"", ""quantity"": 2, ""price"": 50.0}]"
"699","Customer 699","""+34-8495911045""","customer698@example.com","1699","2024-11-29","250.0","[{""product_id"": ""A1"", ""product_name"": ""Widget"", ""quantity"": 2, ""price"": 50.0}, {""product_id"": ""B1"", ""product_name"": ""Gadget"", ""quantity"": 1, ""price"": 150.0}]"
"700","Customer 700","","CUSTOMER699@EXAMPLE.COM","1700","2024-11-30","250.0","[{""product_id"": ""A1"", ""product_name"": ""Widget"", ""quantity"": 2, ""price"": 50.0}, {""product_id"": ""B1"", ""product_name"": ""Gadget"", ""quantity"": 1, ""price"": 150.0}]"
"701","Customer 701","""+1-1566986520""","customer700@example.com","1701","2024-12-01","150.0","[{""product_id"": ""A1"", ""product_name"": ""Widget"", ""quantity"": 1, ""price"": 50.0}, {""product_id"": ""C1"", ""product_name"": ""Doohickey"", ""quantity"": 2, ""price"": 50.0}]"
"702","Customer 702","""+1-2213521556""","CUSTOMER701@EXAMPLE.COM","1702","2024-12-02","150.0","[{""product_id"": ""A1"", ""product_name"": ""Widget"", ""quantity"": 1, ""price"": 50.0}, {""product_id"": ""C1"", ""product_name"": ""Doohickey"", ""quantity"": 2, ""price"": 50.0}]"
"703","Customer 703","""+1-1739503811""","customer702@example.com","1703","2024-12-03","300.0","[{""product_id"": ""B1"", ""product_name"": ""Gadget"", ""quantity"": 2, ""price"": 150.0}]"
"704","Customer 704","""+34-7742580762""","CUSTOMER703@EXAMPLE.COM","1704","2024-12-04","250.0","[{""product_id"": ""A1"", ""product_name"": ""Widget"", ""quantity"": 2, ""price"": 50.0}, {""product_id"": ""B1"", ""product_name"": ""Gadget"", ""quantity"": 1, ""price"": 150.0}]"
"705","Customer 705","""+1-2116888221""","customer704@example.com","1705","2024-12-05","150.0","[{""product_id"": ""A1"", ""product_name"": ""Widget"", ""quantity"": 1, ""price"": 50.0}, {""product_id"": ""C1"", ""product_name"": ""Doohickey"", ""quantity"": 2, ""price"": 50.0}]"
"706","Customer 706","""+1-2027498537""","customer705@example.com","1706","2024-12-06","300.0","[{""product_id"": ""B1"", ""product_name"": ""Gadget"", ""quantity"": 2, ""price"": 150.0}]"
"707","Customer 707","""+39-6077586978""","customer706@example.com","1707","2024-12-07","150.0","[{""product_id"": ""A1"", ""product_name"": ""Widget"", ""quantity"": 1, ""price"": 50.0}, {""product_id"": ""C1"", ""product_name"": ""Doohickey"", ""quantity"": 2, ""price"": 50.0}]"
"708","Customer 708","""+91-2117679131""","customer707@example.com","1708","2024-12-08","250.0","[{""product_id"": ""A1"", ""product_name"": ""Widget"", ""quantity"": 2, ""price"": 50.0}, {""product_id"": ""B1"", ""product_name"": ""Gadget"", ""quantity"": 1, ""price"": 150.0}]"
"709","Customer 709","""+44-8351987657""","CUSTOMER708@EXAMPLE.COM","1709","2024-12-09","250.0","[{""product_id"": ""A1"", ""product_name"": ""Widget"", ""quantity"": 2, ""price"": 50.0}, {""product_id"": ""B1"", ""product_name"": ""Gadget"", ""quantity"": 1, ""price"": 150.0}]"
"710","Customer 710","""+49-9530020140""","customer709@example.com","1710","2024-12-10","250.0","[{""product_id"": ""A1"", ""product_name"": ""Widget"", ""quantity"": 2, ""price"": 50.0}, {""product_id"": ""B1"", ""product_name"": ""Gadget"", ""quantity"": 1, ""price"": 150.0}]"
"711","Customer 711","""+44-7138998425""","CUSTOMER710@EXAMPLE.COM","1711","2024-12-11","250.0","[{""product_id"": ""A1"", ""product_name"": ""Widget"", ""quantity"": 2, ""price"": 50.0}, {""product_id"": ""B1"", ""product_name"": ""Gadget"", ""quantity"": 1, ""price"": 150.0}]"
"712","Customer 712","""+34-2263803695""","customer711@example.com","1712","2024-12-12","300.0","[{""product_id"": ""B1"", ""product_name"": ""Gadget"", ""quantity"": 2, ""price"": 150.0}]"
"713","Customer 713","""+44-6013491006""","CUSTOMER712@EXAMPLE.COM","1713","2024-12-13","250.0","[{""product_id"": ""A1"", ""product_name"": ""Widget"", ""quantity"": 2, ""price"": 50.0}, {""product_id"": ""B1"", ""product_name"": ""Gadget"", ""quantity"": 1, ""price"": 150.0}]"
"714","Customer 714","""+33-4688985718""","CUSTOMER713@EXAMPLE.COM","1714","2024-12-14","250.0","[{""product_id"": ""A1"", ""product_name"": ""Widget"", ""quantity"": 2, ""price"": 50.0}, {""product_id"": ""B1"", ""product_name"": ""Gadget"", ""quantity"": 1, ""price"": 150.0}]"
"715","Customer 715","""+44-1865548221""","CUSTOMER714@EXAMPLE.COM","1715","2024-12-15","250.0","[{""product_id"": ""A1"", ""product_name"": ""Widget"", ""quantity"": 2, ""price"": 50.0}, {""product_id"": ""B1"", ""product_name"": ""Gadget"", ""quantity"": 1, ""price"": 150.0}]"
"716","Customer 716","""+86-8772772673""","CUSTOMER715@EXAMPLE.COM","1716","2024-12-16","250.0","[{""product_id"": ""A1"", ""product_name"": ""Widget"", ""quantity"": 2, ""price"": 50.0}, {""product_id"": ""B1"", ""product_name"": ""Gadget"", ""quantity"": 1, ""price"": 150.0}]"
"717","Customer 717","""+86-7032699591""","customer716@example.com","1717","2024-12-17","150.0","[{""product_id"": ""A1"", ""product_name"": ""Widget"", ""quantity"": 1, ""price"": 50.0}, {""product_id"": ""C1"", ""product_name"": ""Doohickey"", ""quantity"": 2, ""price"": 50.0}]"
"718","Customer 718","""+34-5362146127""","CUSTOMER717@EXAMPLE.COM","1718","2024-12-18","250.0","[{""product_id"": ""A1"", ""product_name"": ""Widget"", ""quantity"": 2, ""price"": 50.0}, {""product_id"": ""B1"", ""product_name"": ""Gadget"", ""quantity"": 1, ""price"": 150.0}]"
"719","Customer 719","""+1-6363664620""","CUSTOMER718@EXAMPLE.COM","1719","2024-12-19","150.0","[{""product_id"": ""A1"", ""product_name"": ""Widget"", ""quantity"": 1, ""price"": 50.0}, {""product_id"": ""C1"", ""product_name"": ""Doohickey"", ""quantity"": 2, ""price"": 50.0}]"
"720","Customer 720","""+61-2258203162""","customer719@example.com","1720","2024-12-20","300.0","[{""product_id"": ""B1"", ""product_name"": ""Gadget"", ""quantity"": 2, ""price"": 150.0}]"
"721","Customer 721","""+81-3008759647""","customer720@example.com","1721","2024-12-21","150.0","[{""product_id"": ""A1"", ""product_name"": ""Widget"", ""quantity"": 1, ""price"": 50.0}, {""product_id"": ""C1"", ""product_name"": ""Doohickey"", ""quantity"": 2, ""price"": 50.0}]"
"722","Customer 722","""+81-5464737571""","CUSTOMER721@EXAMPLE.COM","1722","2024-12-22","250.0","[{""product_id"": ""A1"", ""product_name"": ""Widget"", ""quantity"": 2, ""price"": 50.0}, {""product_id"": ""B1"", ""product_name"": ""Gadget"", ""quantity"": 1, ""price"": 150.0}]"
"723","Customer 723","""+39-2322659649""","CUSTOMER722@EXAMPLE.COM","1723","2024-12-23","300.0","[{""product_id"": ""B1"", ""product_name"": ""Gadget"", ""quantity"": 2, ""price"": 150.0}]"
"724","Customer 724","""+61-3858268863""","customer723@example.com","1724","2024-12-24","150.0","[{""product_id"": ""A1"", ""product_name"": ""Widget"", ""quantity"": 1, ""price"": 50.0}, {""product_id"": ""C1"", ""product_name"": ""Doohickey"", ""quantity"": 2, ""price"": 50.0}]"
"725","Customer 725","""+39-4077702429""","customer724@example.com","1725","2024-12-25","150.0","[{""product_id"": ""A1"", ""product_name"": ""Widget"", ""quantity"": 1, ""price"": 50.0}, {""product_id"": ""C1"", ""product_name"": ""Doohickey"", ""quantity"": 2, ""price"": 50.0}]"
"726","Customer 726","""+91-6892217107""","customer725@example.com","1726","2024-12-26","300.0","[{""product_id"": ""B1"", ""product_name"": ""Gadget"", ""quantity"": 2, ""price"": 150.0}]"
"727","Customer 727","""+1-5820344405""","customer726@example.com","1727","2024-12-27","300.0","[{""product_id"": ""B1"", ""product_name"": ""Gadget"", ""quantity"": 2, ""price"": 150.0}]"
"728","Customer 728","""+34-3998758497""","CUSTOMER727@EXAMPLE.COM","1728","2024-12-28","250.0","[{""product_id"": ""A1"", ""product_name"": ""Widget"", ""quantity"": 2, ""price"": 50.0}, {""product_id"": ""B1"", ""product_name"": ""Gadget"", ""quantity"": 1, ""price"": 150.0}]"
"729","Customer 729","""+34-9934545971""","customer728@example.com","1729","2024-12-29","300.0","[{""product_id"": ""B1"", ""product_name"": ""Gadget"", ""quantity"": 2, ""price"": 150.0}]"
"730","Customer 730","""+44-3081260531""","CUSTOMER729@EXAMPLE.COM","1730","2024-12-30","250.0","[{""product_id"": ""A1"", ""product_name"": ""Widget"", ""quantity"": 2, ""price"": 50.0}, {""product_id"": ""B1"", ""product_name"": ""Gadget"", ""quantity"": 1, ""price"": 150.0}]"
"731","Customer 731","""+86-8201931116""","customer730@example.com","1731","2024-12-31","150.0","[{""product_id"": ""A1"", ""product_name"": ""Widget"", ""quantity"": 1, ""price"": 50.0}, {""product_id"": ""C1"", ""product_name"": ""Doohickey"", ""quantity"": 2, ""price"": 50.0}]"
"732","Customer 732","""+91-3642495899""","customer731@example.com","1732","2025-01-01","250.0","[{""product_id"": ""A1"", ""product_name"": ""Widget"", ""quantity"": 2, ""price"": 50.0}, {""product_id"": ""B1"", ""product_name"": ""Gadget"", ""quantity"": 1, ""price"": 150.0}]"
"733","Customer 733","""+1-8609827278""","CUSTOMER732@EXAMPLE.COM","1733","2025-01-02","250.0","[{""product_id"": ""A1"", ""product_name"": ""Widget"", ""quantity"": 2, ""price"": 50.0}, {""product_id"": ""B1"", ""product_name"": ""Gadget"", ""quantity"": 1, ""price"": 150.0}]"
"734","Customer 734","""+91-7972065848""","","1734","2025-01-03","150.0","[{""product_id"": ""A1"", ""product_name"": ""Widget"", ""quantity"": 1, ""price"": 50.0}, {""product_id"": ""C1"", ""product_name"": ""Doohickey"", ""quantity"": 2, ""price"": 50.0}]"
"735","Customer 735","""+1-8952998654""","CUSTOMER734@EXAMPLE.COM","1735","2025-01-04","150.0","[{""product_id"": ""A1"", ""product_name"": ""Widget"", ""quantity"": 1, ""price"": 50.0}, {""product_id"": ""C1"", ""product_name"": ""Doohickey"", ""quantity"": 2, ""price"": 50.0}]"
"736","Customer 736","""+61-6200036428""","","1736","2025-01-05","250.0","[{""product_id"": ""A1"", ""product_name"": ""Widget"", ""quantity"": 2, ""price"": 50.0}, {""product_id"": ""B1"", ""product_name"": ""Gadget"", ""quantity"": 1, ""price"": 150.0}]"
"737","Customer 737","""+86-8897328800""","customer736@example.com","1737","2025-01-06","250.0","[{""product_id"": ""A1"", ""product_name"": ""Widget"", ""quantity"": 2, ""price"": 50.0}, {""product_id"": ""B1"", ""product_name"": ""Gadget"", ""quantity"": 1, ""price"": 150.0}]"
"738","Customer 738","""+81-9377436007""","customer737@example.com","1738","2025-01-07","250.0","[{""product_id"": ""A1"", ""product_name"": ""Widget"", ""quantity"": 2, ""price"": 50.0}, {""product_id"": ""B1"", ""product_name"": ""Gadget"", ""quantity"": 1, ""price"": 150.0}]"
"739","Customer 739","""+86-7936278878""","CUSTOMER738@EXAMPLE.COM","1739","2025-01-08","250.0","[{""product_id"": ""A1"", ""product_name"": ""Widget"", ""quantity"": 2, ""price"": 50.0}, {""product_id"": ""B1"", ""product_name"": ""Gadget"", ""quantity"": 1, ""price"": 150.0}]"
"740","Customer 740","","customer739@example.com","1740","2025-01-09","250.0","[{""product_id"": ""A1"", ""product_name"": ""Widget"", ""quantity"": 2, ""price"": 50.0}, {""product_id"": ""B1"", ""product_name"": ""Gadget"", ""quantity"": 1, ""price"": 150.0}]"
"741","Customer 741","""+91-8249579980""","CUSTOMER740@EXAMPLE.COM","1741","2025-01-10","250.0","[{""product_id"": ""A1"", ""product_name"": ""Widget"", ""quantity"": 2, ""price"": 50.0}, {""product_id"": ""B1"", ""product_name"": ""Gadget"", ""quantity"": 1, ""price"": 150.0}]"
"742","Customer 742","""+33-7179779089""","CUSTOMER741@EXAMPLE.COM","1742","2025-01-11","250.0","[{""product_id"": ""A1"", ""product_name"": ""Widget"", ""quantity"": 2, ""price"": 50.0}, {""product_id"": ""B1"", ""product_name"": ""Gadget"", ""quantity"": 1, ""price"": 150.0}]"
"743","Customer 743","""+34-1373008292""","customer742@example.com","1743","2025-01-12","250.0","[{""product_id"": ""A1"", ""product_name"": ""Widget"", ""quantity"": 2, ""price"": 50.0}, {""product_id"": ""B1"", ""product_name"": ""Gadget"", ""quantity"": 1, ""price"": 150.0}]"
"744","Customer 744","""+33-2601572084""","CUSTOMER743@EXAMPLE.COM","1744","2025-01-13","150.0","[{""product_id"": ""A1"", ""product_name"": ""Widget"", ""quantity"": 1, ""price"": 50.0}, {""product_id"": ""C1"", ""product_name"": ""Doohickey"", ""quantity"": 2, ""price"": 50.0}]"
"745","Customer 745","""+44-1084368808""","customer744@example.com","1745","2025-01-14","300.0","[{""product_id"": ""B1"", ""product_name"": ""Gadget"", ""quantity"": 2, ""price"": 150.0}]"
"746","Customer 746","""123456""","customer745@example.com","1746","2025-01-15","300.0","[{""product_id"": ""B1"", ""product_name"": ""Gadget"", ""quantity"": 2, ""price"": 150.0}]"
"747","Customer 747","""+39-9207896654""","CUSTOMER746@EXAMPLE.COM","1747","2025-01-16","250.0","[{""product_id"": ""A1"", ""product_name"": ""Widget"", ""quantity"": 2, ""price"": 50.0}, {""product_id"": ""B1"", ""product_name"": ""Gadget"", ""quantity"": 1, ""price"": 150.0}]"
"748","Customer 748","""+49-7810708064""","CUSTOMER747@EXAMPLE.COM","1748","2025-01-17","300.0","[{""product_id"": ""B1"", ""product_name"": ""Gadget"", ""quantity"": 2, ""price"": 150.0}]"
"749","Customer 749","""+81-3603173391""","customer748@example.com","1749","2025-01-18","300.0","[{""product_id"": ""B1"", ""product_name"": ""Gadget"", ""quantity"": 2, ""price"": 150.0}]"
"750","Customer 750","""+61-7608470689""","CUSTOMER749@EXAMPLE.COM","1750","2025-01-19","250.0","[{""product_id"": ""A1"", ""product_name"": ""Widget"", ""quantity"": 2, ""price"": 50.0}, {""product_id"": ""B1"", ""product_name"": ""Gadget"", ""quantity"": 1, ""price"": 150.0}]"
"751","Customer 751","""+44-4717776972""","CUSTOMER750@EXAMPLE.COM","1751","2025-01-20","150.0","[{""product_id"": ""A1"", ""product_name"": ""Widget"", ""quantity"": 1, ""price"": 50.0}, {""product_id"": ""C1"", ""product_name"": ""Doohickey"", ""quantity"": 2, ""price"": 50.0}]"
"752","Customer 752","""+33-2742034834""","CUSTOMER751@EXAMPLE.COM","1752","2025-01-21","250.0","[{""product_id"": ""A1"", ""product_name"": ""Widget"", ""quantity"": 2, ""price"": 50.0}, {""product_id"": ""B1"", ""product_name"": ""Gadget"", ""quantity"": 1, ""price"": 150.0}]"
"753","Customer 753","""+86-2751782602""","customer752@example.com","1753","2025-01-22","300.0","[{""product_id"": ""B1"", ""product_name"": ""Gadget"", ""quantity"": 2, ""price"": 150.0}]"
"754","Customer 754","""+34-6985157435""","customer753@example.com","1754","2025-01-23","250.0","[{""product_id"": ""A1"", ""product_name"": ""Widget"", ""quantity"": 2, ""price"": 50.0}, {""product_id"": ""B1"", ""product_name"": ""Gadget"", ""quantity"": 1, ""price"": 150.0}]"
"755","Customer 755","""+86-5474814424""","invalid-email","1755","2025-01-24","250.0","[{""product_id"": ""A1"", ""product_name"": ""Widget"", ""quantity"": 2, ""price"": 50.0}, {""product_id"": ""B1"", ""product_name"": ""Gadget"", ""quantity"": 1, ""price"": 150.0}]"
"756","Customer 756","""+86-6816464431""","CUSTOMER755@EXAMPLE.COM","1756","2025-01-25","300.0","[{""product_id"": ""B1"", ""product_name"": ""Gadget"", ""quantity"": 2, ""price"": 150.0}]"
"757","Customer 757","""+61-7811514214""","customer756@example.com","1757","2025-01-26","250.0","[{""product_id"": ""A1"", ""product_name"": ""Widget"", ""quantity"": 2, ""price"": 50.0}, {""product_id"": ""B1"", ""product_name"": ""Gadget"", ""quantity"": 1, ""price"": 150.0}]"
"758","Customer 758","""+39-3905572279""","CUSTOMER757@EXAMPLE.COM","1758","2025-01-27","150.0","[{""product_id"": ""A1"", ""product_name"": ""Widget"", ""quantity"": 1, ""price"": 50.0}, {""product_id"": ""C1"", ""product_name"": ""Doohickey"", ""quantity"": 2, ""price"": 50.0}]"
"759","Customer 759","""+39-6655524872""","customer758@example.com","1759","2025-01-28","150.0","[{""product_id"": ""A1"", ""product_name"": ""Widget"", ""quantity"": 1, ""price"": 50.0}, {""product_id"": ""C1"", ""product_name"": ""Doohickey"", ""quantity"": 2, ""price"": 50.0}]"
"760","Customer 760","""+86-9235279071""","CUSTOMER759@EXAMPLE.COM","1760","2025-01-29","250.0","[{""product_id"": ""A1"", ""product_name"": ""Widget"", ""quantity"": 2, ""price"": 50.0}, {""product_id"": ""B1"", ""product_name"": ""Gadget"", ""quantity"": 1, ""price"": 150.0}]"
"761","Customer 761","""+61-3502955137""","customer760@example.com","1761","2025-01-30","150.0","[{""product_id"": ""A1"", ""product_name"": ""Widget"", ""quantity"": 1, ""price"": 50.0}, {""product_id"": ""C1"", ""product_name"": ""Doohickey"", ""quantity"": 2, ""price"": 50.0}]"
"762","Customer 762","""+39-4663093178""","CUSTOMER761@EXAMPLE.COM","1762","2025-01-31","300.0","[{""product_id"": ""B1"", ""product_name"": ""Gadget"", ""quantity"": 2, ""price"": 150.0}]"
"763","Customer 763","""+44-1724362845""","customer762@example.com","1763","2025-02-01","150.0","[{""product_id"": ""A1"", ""product_name"": ""Widget"", ""quantity"": 1, ""price"": 50.0}, {""product_id"": ""C1"", ""product_name"": ""Doohickey"", ""quantity"": 2, ""price"": 50.0}]"
"764","Customer 764","""+91-1518238336""","customer763@example.com","1764","2025-02-02","150.0","[{""product_id"": ""A1"", ""product_name"": ""Widget"", ""quantity"": 1, ""price"": 50.0}, {""product_id"": ""C1"", ""product_name"": ""Doohickey"", ""quantity"": 2, ""price"": 50.0}]"
"765","Customer 765","""N/A""","customer764@example.com","1765","2025-02-03","250.0","[{""product_id"": ""A1"", ""product_name"": ""Widget"", ""quantity"": 2, ""price"": 50.0}, {""product_id"": ""B1"", ""product_name"": ""Gadget"", ""quantity"": 1, ""price"": 150.0}]"
"766","Customer 766","""+91-4515457942""","","1766","2025-02-04","150.0","[{""product_id"": ""A1"", ""product_name"": ""Widget"", ""quantity"": 1, ""price"": 50.0}, {""product_id"": ""C1"", ""product_name"": ""Doohickey"", ""quantity"": 2, ""price"": 50.0}]"
"767","Customer 767","""+33-6677693828""","CUSTOMER766@EXAMPLE.COM","1767","2025-02-05","250.0","[{""product_id"": ""A1"", ""product_name"": ""Widget"", ""quantity"": 2, ""price"": 50.0}, {""product_id"": ""B1"", ""product_name"": ""Gadget"", ""quantity"": 1, ""price"": 150.0}]"
"768","Customer 768","""+81-4078008488""","CUSTOMER767@EXAMPLE.COM","1768","2025-02-06","250.0","[{""product_id"": ""A1"", ""product_name"": ""Widget"", ""quantity"": 2, ""price"": 50.0}, {""product_id"": ""B1"", ""product_name"": ""Gadget"", ""quantity"": 1, ""price"": 150.0}]"
"769","Customer 769","""+49-3406837420""","N/A","1769","2025-02-07","250.0","[{""product_id"": ""A1"", ""product_name"": ""Widget"", ""quantity"": 2, ""price"": 50.0}, {""product_id"": ""B1"", ""product_name"": ""Gadget"", ""quantity"": 1, ""price"": 150.0}]"
"770","Customer 770","""+33-8740098199""","CUSTOMER769@EXAMPLE.COM","1770","2025-02-08","250.0","[{""product_id"": ""A1"", ""product_name"": ""Widget"", ""quantity"": 2, ""price"": 50.0}, {""product_id"": ""B1"", ""product_name"": ""Gadget"", ""quantity"": 1, ""price"": 150.0}]"
"771","Customer 771","""+91-5026739920""","customer770@example.com","1771","2025-02-09","150.0","[{""product_id"": ""A1"", ""product_name"": ""Widget"", ""quantity"": 1, ""price"": 50.0}, {""product_id"": ""C1"", ""product_name"": ""Doohickey"", ""quantity"": 2, ""price"": 50.0}]"
"772","Customer 772","""+86-9076444892""","customer771@example.com","1772","2025-02-10","250.0","[{""product_id"": ""A1"", ""product_name"": ""Widget"", ""quantity"": 2, ""price"": 50.0}, {""product_id"": ""B1"", ""product_name"": ""Gadget"", ""quantity"": 1, ""price"": 150.0}]"
"773","Customer 773","""+44-1677062944""","customer772@example.com","1773","2025-02-11","150.0","[{""product_id"": ""A1"", ""product_name"": ""Widget"", ""quantity"": 1, ""price"": 50.0}, {""product_id"": ""C1"", ""product_name"": ""Doohickey"", ""quantity"": 2, ""price"": 50.0}]"
"774","Customer 774","""123456""","customer773@example.com","1774","2025-02-12","150.0","[{""product_id"": ""A1"", ""product_name"": ""Widget"", ""quantity"": 1, ""price"": 50.0}, {""product_id"": ""C1"", ""product_name"": ""Doohickey"", ""quantity"": 2, ""price"": 50.0}]"
"775","Customer 775","""+91-4714045669""","customer774@example.com","1775","2025-02-13","300.0","[{""product_id"": ""B1"", ""product_name"": ""Gadget"", ""quantity"": 2, ""price"": 150.0}]"
"776","Customer 776","""+34-1050485741""","CUSTOMER775@EXAMPLE.COM","1776","2025-02-14","250.0","[{""product_id"": ""A1"", ""product_name"": ""Widget"", ""quantity"": 2, ""price"": 50.0}, {""product_id"": ""B1"", ""product_name"": ""Gadget"", ""quantity"": 1, ""price"": 150.0}]"
"777","Customer 777","""+91-9465785985""","CUSTOMER776@EXAMPLE.COM","1777","2025-02-15","300.0","[{""product_id"": ""B1"", ""product_name"": ""Gadget"", ""quantity"": 2, ""price"": 150.0}]"
"778","Customer 778","""+39-9302013989""","CUSTOMER777@EXAMPLE.COM","1778","2025-02-16","250.0","[{""product_id"": ""A1"", ""product_name"": ""Widget"", ""quantity"": 2, ""price"": 50.0}, {""product_id"": ""B1"", ""product_name"": ""Gadget"", ""quantity"": 1, ""price"": 150.0}]"
"779","Customer 779","""+49-1810920613""","customer778@example.com","1779","2025-02-17","250.0","[{""product_id"": ""A1"", ""product_name"": ""Widget"", ""quantity"": 2, ""price"": 50.0}, {""product_id"": ""B1"", ""product_name"": ""Gadget"", ""quantity"": 1, ""price"": 150.0}]"
"780","Customer 780","""+86-2777767210""","customer779@example.com","1780","2025-02-18","300.0","[{""product_id"": ""B1"", ""product_name"": ""Gadget"", ""quantity"": 2, ""price"": 150.0}]"
"781","Customer 781","""+81-5114485620""","INVALID-EMAIL","1781","2025-02-19","300.0","[{""product_id"": ""B1"", ""product_name"": ""Gadget"", ""quantity"": 2, ""price"": 150.0}]"
"782","Customer 782","""+39-6001971780""","CUSTOMER781@EXAMPLE.COM","1782","2025-02-20","250.0","[{""product_id"": ""A1"", ""product_name"": ""Widget"", ""quantity"": 2, ""price"": 50.0}, {""product_id"": ""B1"", ""product_name"": ""Gadget"", ""quantity"": 1, ""price"": 150.0}]"
"783","Customer 783","""+61-4286072671""","CUSTOMER782@EXAMPLE.COM","1783","2025-02-21","150.0","[{""product_id"": ""A1"", ""product_name"": ""Widget"", ""quantity"": 1, ""price"": 50.0}, {""product_id"": ""C1"", ""product_name"": ""Doohickey"", ""quantity"": 2, ""price"": 50.0}]"
"784","Customer 784","""+33-5180067447""","customer783@example.com","1784","2025-02-22","300.0","[{""product_id"": ""B1"", ""product_name"": ""Gadget"", ""quantity"": 2, ""price"": 150.0}]"
"785","Customer 785","""N/A""","invalid-email","1785","2025-02-23","300.0","[{""product_id"": ""B1"", ""product_name"": ""Gadget"", ""quantity"": 2, ""price"": 150.0}]"
"786","Customer 786","""N/A""","customer785@example.com","1786","2025-02-24","150.0","[{""product_id"": ""A1"", ""product_name"": ""Widget"", ""quantity"": 1, ""price"": 50.0}, {""product_id"": ""C1"", ""product_name"": ""Doohickey"", ""quantity"": 2, ""price"": 50.0}]"
"787","Customer 787","""+86-4997701154""","customer786@example.com","1787","2025-02-25","150.0","[{""product_id"": ""A1"", ""product_name"": ""Widget"", ""quantity"": 1, ""price"": 50.0}, {""product_id"": ""C1"", ""product_name"": ""Doohickey"", ""quantity"": 2, ""price"": 50.0}]"
"788","Customer 788","""+34-3025035943""","customer787@example.com","1788","2025-02-26","150.0","[{""product_id"": ""A1"", ""product_name"": ""Widget"", ""quantity"": 1, ""price"": 50.0}, {""product_id"": ""C1"", ""product_name"": ""Doohickey"", ""quantity"": 2, ""price"": 50.0}]"
"789","Customer 789","""+86-1580839870""","CUSTOMER788@EXAMPLE.COM","1789","2025-02-27","300.0","[{""product_id"": ""B1"", ""product_name"": ""Gadget"", ""quantity"": 2, ""price"": 150.0}]"
"790","Customer 790","""+44-7407189247""","CUSTOMER789@EXAMPLE.COM","1790","2025-02-28","150.0","[{""product_id"": ""A1"", ""product_name"": ""Widget"", ""quantity"": 1, ""price"": 50.0}, {""product_id"": ""C1"", ""product_name"": ""Doohickey"", ""quantity"": 2, ""price"": 50.0}]"
"791","Customer 791","""+61-2270918721""","customer790@example.com","1791","2025-03-01","300.0","[{""product_id"": ""B1"", ""product_name"": ""Gadget"", ""quantity"": 2, ""price"": 150.0}]"
"792","Customer 792","""+44-1586757943""","customer791@example.com","1792","2025-03-02","300.0","[{""product_id"": ""B1"", ""product_name"": ""Gadget"", ""quantity"": 2, ""price"": 150.0}]"
"793","Customer 793","""+61-8651558035""","CUSTOMER792@EXAMPLE.COM","1793","2025-03-03","250.0","[{""product_id"": ""A1"", ""product_name"": ""Widget"", ""quantity"": 2, ""price"": 50.0}, {""product_id"": ""B1"", ""product_name"": ""Gadget"", ""quantity"": 1, ""price"": 150.0}]"
"794","Customer 794","""+91-4921188180""","customer793@example.com","1794","2025-03-04","300.0","[{""product_id"": ""B1"", ""product_name"": ""Gadget"", ""quantity"": 2, ""price"": 150.0}]"
"795","Customer 795","""+86-8562333692""","customer794@example.com","1795","2025-03-05","250.0","[{""product_id"": ""A1"", ""product_name"": ""Widget"", ""quantity"": 2, ""price"": 50.0}, {""product_id"": ""B1"", ""product_name"": ""Gadget"", ""quantity"": 1, ""price"": 150.0}]"
"796","Customer 796","""+61-2071130772""","CUSTOMER795@EXAMPLE.COM","1796","2025-03-06","150.0","[{""product_id"": ""A1"", ""product_name"": ""Widget"", ""quantity"": 1, ""price"": 50.0}, {""product_id"": ""C1"", ""product_name"": ""Doohickey"", ""quantity"": 2, ""price"": 50.0}]"
"797","Customer 797","""+61-3686178574""","CUSTOMER796@EXAMPLE.COM","1797","2025-03-07","150.0","[{""product_id"": ""A1"", ""product_name"": ""Widget"", ""quantity"": 1, ""price"": 50.0}, {""product_id"": ""C1"", ""product_name"": ""Doohickey"", ""quantity"": 2, ""price"": 50.0}]"
"798","Customer 798","""+33-6284369884""","customer797@example.com","1798","2025-03-08","150.0","[{""product_id"": ""A1"", ""product_name"": ""Widget"", ""quantity"": 1, ""price"": 50.0}, {""product_id"": ""C1"", ""product_name"": ""Doohickey"", ""quantity"": 2, ""price"": 50.0}]"
"799","Customer 799","""+44-6154858272""","CUSTOMER798@EXAMPLE.COM","1799","2025-03-09","250.0","[{""product_id"": ""A1"", ""product_name"": ""Widget"", ""quantity"": 2, ""price"": 50.0}, {""product_id"": ""B1"", ""product_name"": ""Gadget"", ""quantity"": 1, ""price"": 150.0}]"
"800","Customer 800","""+86-3854501960""","customer799@example.com","1800","2025-03-10","150.0","[{""product_id"": ""A1"", ""product_name"": ""Widget"", ""quantity"": 1, ""price"": 50.0}, {""product_id"": ""C1"", ""product_name"": ""Doohickey"", ""quantity"": 2, ""price"": 50.0}]"
"801","Customer 801","""+44-3915434453""","CUSTOMER800@EXAMPLE.COM","1801","2025-03-11","250.0","[{""product_id"": ""A1"", ""product_name"": ""Widget"", ""quantity"": 2, ""price"": 50.0}, {""product_id"": ""B1"", ""product_name"": ""Gadget"", ""quantity"": 1, ""price"": 150.0}]"
"802","Customer 802","""+81-3462750103""","customer801@example.com","1802","2025-03-12","300.0","[{""product_id"": ""B1"", ""product_name"": ""Gadget"", ""quantity"": 2, ""price"": 150.0}]"
"803","Customer 803","""+1-1056196539""","CUSTOMER802@EXAMPLE.COM","1803","2025-03-13","150.0","[{""product_id"": ""A1"", ""product_name"": ""Widget"", ""quantity"": 1, ""price"": 50.0}, {""product_id"": ""C1"", ""product_name"": ""Doohickey"", ""quantity"": 2, ""price"": 50.0}]"
"804","Customer 804","""+81-4677996650""","CUSTOMER803@EXAMPLE.COM","1804","2025-03-14","250.0","[{""product_id"": ""A1"", ""product_name"": ""Widget"", ""quantity"": 2, ""price"": 50.0}, {""product_id"": ""B1"", ""product_name"": ""Gadget"", ""quantity"": 1, ""price"": 150.0}]"
"805","Customer 805","""+39-4131502686""","customer804@example.com","1805","2025-03-15","150.0","[{""product_id"": ""A1"", ""product_name"": ""Widget"", ""quantity"": 1, ""price"": 50.0}, {""product_id"": ""C1"", ""product_name"": ""Doohickey"", ""quantity"": 2, ""price"": 50.0}]"
"806","Customer 806","""123456""","","1806","2025-03-16","250.0","[{""product_id"": ""A1"", ""product_name"": ""Widget"", ""quantity"": 2, ""price"": 50.0}, {""product_id"": ""B1"", ""product_name"": ""Gadget"", ""quantity"": 1, ""price"": 150.0}]"
"807","Customer 807","""+81-7285799446""","CUSTOMER806@EXAMPLE.COM","1807","2025-03-17","300.0","[{""product_id"": ""B1"", ""product_name"": ""Gadget"", ""quantity"": 2, ""price"": 150.0}]"
"808","Customer 808","""+33-8219938654""","CUSTOMER807@EXAMPLE.COM","1808","2025-03-18","150.0","[{""product_id"": ""A1"", ""product_name"": ""Widget"", ""quantity"": 1, ""price"": 50.0}, {""product_id"": ""C1"", ""product_name"": ""Doohickey"", ""quantity"": 2, ""price"": 50.0}]"
"809","Customer 809","""+44-7482633256""","CUSTOMER808@EXAMPLE.COM","1809","2025-03-19","150.0","[{""product_id"": ""A1"", ""product_name"": ""Widget"", ""quantity"": 1, ""price"": 50.0}, {""product_id"": ""C1"", ""product_name"": ""Doohickey"", ""quantity"": 2, ""price"": 50.0}]"
"810","Customer 810","""+33-5434019748""","CUSTOMER809@EXAMPLE.COM","1810","2025-03-20","300.0","[{""product_id"": ""B1"", ""product_name"": ""Gadget"", ""quantity"": 2, ""price"": 150.0}]"
"811","Customer 811","""+1-9659768449""","CUSTOMER810@EXAMPLE.COM","1811","2025-03-21","250.0","[{""product_id"": ""A1"", ""product_name"": ""Widget"", ""quantity"": 2, ""price"": 50.0}, {""product_id"": ""B1"", ""product_name"": ""Gadget"", ""quantity"": 1, ""price"": 150.0}]"
"812","Customer 812","""+34-8650825336""","customer811@example.com","1812","2025-03-22","150.0","[{""product_id"": ""A1"", ""product_name"": ""Widget"", ""quantity"": 1, ""price"": 50.0}, {""product_id"": ""C1"", ""product_name"": ""Doohickey"", ""quantity"": 2, ""price"": 50.0}]"
"813","Customer 813","""N/A""","CUSTOMER812@EXAMPLE.COM","1813","2025-03-23","300.0","[{""product_id"": ""B1"", ""product_name"": ""Gadget"", ""quantity"": 2, ""price"": 150.0}]"
"814","Customer 814","""+33-5698039317""","customer813@example.com","1814","2025-03-24","300.0","[{""product_id"": ""B1"", ""product_name"": ""Gadget"", ""quantity"": 2, ""price"": 150.0}]"
"815","Customer 815","""+81-1338629109""","CUSTOMER814@EXAMPLE.COM","1815","2025-03-25","300.0","[{""product_id"": ""B1"", ""product_name"": ""Gadget"", ""quantity"": 2, ""price"": 150.0}]"
"816","Customer 816","""+91-5463584248""","CUSTOMER815@EXAMPLE.COM","1816","2025-03-26","250.0","[{""product_id"": ""A1"", ""product_name"": ""Widget"", ""quantity"": 2, ""price"": 50.0}, {""product_id"": ""B1"", ""product_name"": ""Gadget"", ""quantity"": 1, ""price"": 150.0}]"
"817","Customer 817","""+39-2282344072""","customer816@example.com","1817","2025-03-27","300.0","[{""product_id"": ""B1"", ""product_name"": ""Gadget"", ""quantity"": 2, ""price"": 150.0}]"
"818","Customer 818","""+81-3409261194""","CUSTOMER817@EXAMPLE.COM","1818","2025-03-28","150.0","[{""product_id"": ""A1"", ""product_name"": ""Widget"", ""quantity"": 1, ""price"": 50.0}, {""product_id"": ""C1"", ""product_name"": ""Doohickey"", ""quantity"": 2, ""price"": 50.0}]"
"819","Customer 819","""+33-5328188642""","CUSTOMER818@EXAMPLE.COM","1819","2025-03-29","300.0","[{""product_id"": ""B1"", ""product_name"": ""Gadget"", ""quantity"": 2, ""price"": 150.0}]"
"820","Customer 820","""+91-2796495195""","CUSTOMER819@EXAMPLE.COM","1820","2025-03-30","250.0","[{""product_id"": ""A1"", ""product_name"": ""Widget"", ""quantity"": 2, ""price"": 50.0}, {""product_id"": ""B1"", ""product_name"": ""Gadget"", ""quantity"": 1, ""price"": 150.0}]"
"821","Customer 821","""+39-6165157046""","CUSTOMER820@EXAMPLE.COM","1821","2025-03-31","300.0","[{""product_id"": ""B1"", ""product_name"": ""Gadget"", ""quantity"": 2, ""price"": 150.0}]"
"822","Customer 822","""+1-1721723825""","customer821@example.com","1822","2025-04-01","250.0","[{""product_id"": ""A1"", ""product_name"": ""Widget"", ""quantity"": 2, ""price"": 50.0}, {""product_id"": ""B1"", ""product_name"": ""Gadget"", ""quantity"": 1, ""price"": 150.0}]"
"823","Customer 823","""+61-9713652604""","customer822@example.com","1823","2025-04-02","150.0","[{""product_id"": ""A1"", ""product_name"": ""Widget"", ""quantity"": 1, ""price"": 50.0}, {""product_id"": ""C1"", ""product_name"": ""Doohickey"", ""quantity"": 2, ""price"": 50.0}]"
"824","Customer 824","""+81-1246044631""","CUSTOMER823@EXAMPLE.COM","1824","2025-04-03","150.0","[{""product_id"": ""A1"", ""product_name"": ""Widget"", ""quantity"": 1, ""price"": 50.0}, {""product_id"": ""C1"", ""product_name"": ""Doohickey"", ""quantity"": 2, ""price"": 50.0}]"
"825","Customer 825","""+33-2024291001""","CUSTOMER824@EXAMPLE.COM","1825","2025-04-04","300.0","[{""product_id"": ""B1"", ""product_name"": ""Gadget"", ""quantity"": 2, ""price"": 150.0}]"
"826","Customer 826","""+91-5125821591""","CUSTOMER825@EXAMPLE.COM","1826","2025-04-05","300.0","[{""product_id"": ""B1"", ""product_name"": ""Gadget"", ""quantity"": 2, ""price"": 150.0}]"
"827","Customer 827","","CUSTOMER826@EXAMPLE.COM","1827","2025-04-06","250.0","[{""product_id"": ""A1"", ""product_name"": ""Widget"", ""quantity"": 2, ""price"": 50.0}, {""product_id"": ""B1"", ""product_name"": ""Gadget"", ""quantity"": 1, ""price"": 150.0}]"
"828","Customer 828","""+34-7770287432""","CUSTOMER827@EXAMPLE.COM","1828","2025-04-07","300.0","[{""product_id"": ""B1"", ""product_name"": ""Gadget"", ""quantity"": 2, ""price"": 150.0}]"
"829","Customer 829","""+61-3152423832""","customer828@example.com","1829","2025-04-08","150.0","[{""product_id"": ""A1"", ""product_name"": ""Widget"", ""quantity"": 1, ""price"": 50.0}, {""product_id"": ""C1"", ""product_name"": ""Doohickey"", ""quantity"": 2, ""price"": 50.0}]"
"830","Customer 830","""+86-7883255997""","CUSTOMER829@EXAMPLE.COM","1830","2025-04-09","300.0","[{""product_id"": ""B1"", ""product_name"": ""Gadget"", ""quantity"": 2, ""price"": 150.0}]"
"831","Customer 831","""+1-7440594320""","customer830@example.com","1831","2025-04-10","300.0","[{""product_id"": ""B1"", ""product_name"": ""Gadget"", ""quantity"": 2, ""price"": 150.0}]"
"832","Customer 832","""+1-8948673315""","CUSTOMER831@EXAMPLE.COM","1832","2025-04-11","150.0","[{""product_id"": ""A1"", ""product_name"": ""Widget"", ""quantity"": 1, ""price"": 50.0}, {""product_id"": ""C1"", ""product_name"": ""Doohickey"", ""quantity"": 2, ""price"": 50.0}]"
"833","Customer 833","""+81-2252340613""","customer832@example.com","1833","2025-04-12","300.0","[{""product_id"": ""B1"", ""product_name"": ""Gadget"", ""quantity"": 2, ""price"": 150.0}]"
"834","Customer 834","""+91-8199655148""","CUSTOMER833@EXAMPLE.COM","1834","2025-04-13","150.0","[{""product_id"": ""A1"", ""product_name"": ""Widget"", ""quantity"": 1, ""price"": 50.0}, {""product_id"": ""C1"", ""product_name"": ""Doohickey"", ""quantity"": 2, ""price"": 50.0}]"
"835","Customer 835","""""","customer834@example.com","1835","2025-04-14","150.0","[{""product_id"": ""A1"", ""product_name"": ""Widget"", ""quantity"": 1, ""price"": 50.0}, {""product_id"": ""C1"", ""product_name"": ""Doohickey"", ""quantity"": 2, ""price"": 50.0}]"
"836","Customer 836","""+44-2979844182""","customer835@example.com","1836","2025-04-15","300.0","[{""product_id"": ""B1"", ""product_name"": ""Gadget"", ""quantity"": 2, ""price"": 150.0}]"
"837","Customer 837","""+34-3922467585""","customer836@example.com","1837","2025-04-16","300.0","[{""product_id"": ""B1"", ""product_name"": ""Gadget"", ""quantity"": 2, ""price"": 150.0}]"
"838","Customer 838","""+81-7837601801""","CUSTOMER837@EXAMPLE.COM","1838","2025-04-17","250.0","[{""product_id"": ""A1"", ""product_name"": ""Widget"", ""quantity"": 2, ""price"": 50.0}, {""product_id"": ""B1"", ""product_name"": ""Gadget"", ""quantity"": 1, ""price"": 150.0}]"
"839","Customer 839","""+86-5355491023""","CUSTOMER838@EXAMPLE.COM","1839","2025-04-18","150.0","[{""product_id"": ""A1"", ""product_name"": ""Widget"", ""quantity"": 1, ""price"": 50.0}, {""product_id"": ""C1"", ""product_name"": ""Doohickey"", ""quantity"": 2, ""price"": 50.0}]"
"840","Customer 840","""+81-5347621888""","CUSTOMER839@EXAMPLE.COM","1840","2025-04-19","150.0","[{""product_id"": ""A1"", ""product_name"": ""Widget"", ""quantity"": 1, ""price"": 50.0}, {""product_id"": ""C1"", ""product_name"": ""Doohickey"", ""quantity"": 2, ""price"": 50.0}]"
"841","Customer 841","""123456""","CUSTOMER840@EXAMPLE.COM","1841","2025-04-20","250.0","[{""product_id"": ""A1"", ""product_name"": ""Widget"", ""quantity"": 2, ""price"": 50.0}, {""product_id"": ""B1"", ""product_name"": ""Gadget"", ""quantity"": 1, ""price"": 150.0}]"
"842","Customer 842","""+91-9260744258""","customer841@example.com","1842","2025-04-21","300.0","[{""product_id"": ""B1"", ""product_name"": ""Gadget"", ""quantity"": 2, ""price"": 150.0}]"
"843","Customer 843","""+44-7771093772""","customer842@example.com","1843","2025-04-22","300.0","[{""product_id"": ""B1"", ""product_name"": ""Gadget"", ""quantity"": 2, ""price"": 150.0}]"
"844","Customer 844","""+91-5514204811""","CUSTOMER843@EXAMPLE.COM","1844","2025-04-23","250.0","[{""product_id"": ""A1"", ""product_name"": ""Widget"", ""quantity"": 2, ""price"": 50.0}, {""product_id"": ""B1"", ""product_name"": ""Gadget"", ""quantity"": 1, ""price"": 150.0}]"
"845","Customer 845","""+86-8172846047""","CUSTOMER844@EXAMPLE.COM","1845","2025-04-24","150.0","[{""product_id"": ""A1"", ""product_name"": ""Widget"", ""quantity"": 1, ""price"": 50.0}, {""product_id"": ""C1"", ""product_name"": ""Doohickey"", ""quantity"": 2, ""price"": 50.0}]"
"846","Customer 846","","customer845@example.com","1846","2025-04-25","250.0","[{""product_id"": ""A1"", ""product_name"": ""Widget"", ""quantity"": 2, ""price"": 50.0}, {""product_id"": ""B1"", ""product_name"": ""Gadget"", ""quantity"": 1, ""price"": 150.0}]"
"847","Customer 847","""+61-2966291537""","customer846@example.com","1847","2025-04-26","250.0","[{""product_id"": ""A1"", ""product_name"": ""Widget"", ""quantity"": 2, ""price"": 50.0}, {""product_id"": ""B1"", ""product_name"": ""Gadget"", ""quantity"": 1, ""price"": 150.0}]"
"848","Customer 848","""+44-5010132380""","CUSTOMER847@EXAMPLE.COM","1848","2025-04-27","150.0","[{""product_id"": ""A1"", ""product_name"": ""Widget"", ""quantity"": 1, ""price"": 50.0}, {""product_id"": ""C1"", ""product_name"": ""Doohickey"", ""quantity"": 2, ""price"": 50.0}]"
"849","Customer 849","""+34-1668746925""","customer848@example.com","1849","2025-04-28","300.0","[{""product_id"": ""B1"", ""product_name"": ""Gadget"", ""quantity"": 2, ""price"": 150.0}]"
"850","Customer 850","""+49-5762068724""","customer849@example.com","1850","2025-04-29","300.0","[{""product_id"": ""B1"", ""product_name"": ""Gadget"", ""quantity"": 2, ""price"": 150.0}]"
"851","Customer 851","""+91-7936811406""","customer850@example.com","1851","2025-04-30","300.0","[{""product_id"": ""B1"", ""product_name"": ""Gadget"", ""quantity"": 2, ""price"": 150.0}]"
"852","Customer 852","""+44-7775490746""","CUSTOMER851@EXAMPLE.COM","1852","2025-05-01","250.0","[{""product_id"": ""A1"", ""product_name"": ""Widget"", ""quantity"": 2, ""price"": 50.0}, {""product_id"": ""B1"", ""product_name"": ""Gadget"", ""quantity"": 1, ""price"": 150.0}]"
"853","Customer 853","""+44-1788794293""","customer852@example.com","1853","2025-05-02","150.0","[{""product_id"": ""A1"", ""product_name"": ""Widget"", ""quantity"": 1, ""price"": 50.0}, {""product_id"": ""C1"", ""product_name"": ""Doohickey"", ""quantity"": 2, ""price"": 50.0}]"
"854","Customer 854","""N/A""","CUSTOMER853@EXAMPLE.COM","1854","2025-05-03","150.0","[{""product_id"": ""A1"", ""product_name"": ""Widget"", ""quantity"": 1, ""price"": 50.0}, {""product_id"": ""C1"", ""product_name"": ""Doohickey"", ""quantity"": 2, ""price"": 50.0}]"
"855","Customer 855","""+49-1009134107""","CUSTOMER854@EXAMPLE.COM","1855","2025-05-04","250.0","[{""product_id"": ""A1"", ""product_name"": ""Widget"", ""quantity"": 2, ""price"": 50.0}, {""product_id"": ""B1"", ""product_name"": ""Gadget"", ""quantity"": 1, ""price"": 150.0}]"
"856","Customer 856","""+1-8649158010""","CUSTOMER855@EXAMPLE.COM","1856","2025-05-05","250.0","[{""product_id"": ""A1"", ""product_name"": ""Widget"", ""quantity"": 2, ""price"": 50.0}, {""product_id"": ""B1"", ""product_name"": ""Gadget"", ""quantity"": 1, ""price"": 150.0}]"
"857","Customer 857","""+81-6211444320""","customer856@example.com","1857","2025-05-06","250.0","[{""product_id"": ""A1"", ""product_name"": ""Widget"", ""quantity"": 2, ""price"": 50.0}, {""product_id"": ""B1"", ""product_name"": ""Gadget"", ""quantity"": 1, ""price"": 150.0}]"
"858","Customer 858","""+1-1583647158""","customer857@example.com","1858","2025-05-07","150.0","[{""product_id"": ""A1"", ""product_name"": ""Widget"", ""quantity"": 1, ""price"": 50.0}, {""product_id"": ""C1"", ""product_name"": ""Doohickey"", ""quantity"": 2, ""price"": 50.0}]"
"859","Customer 859","""N/A""","CUSTOMER858@EXAMPLE.COM","1859","2025-05-08","300.0","[{""product_id"": ""B1"", ""product_name"": ""Gadget"", ""quantity"": 2, ""price"": 150.0}]"
"860","Customer 860","""+86-9682086146""","customer859@example.com","1860","2025-05-09","250.0","[{""product_id"": ""A1"", ""product_name"": ""Widget"", ""quantity"": 2, ""price"": 50.0}, {""product_id"": ""B1"", ""product_name"": ""Gadget"", ""quantity"": 1, ""price"": 150.0}]"
"861","Customer 861","""+61-5865711206""","CUSTOMER860@EXAMPLE.COM","1861","2025-05-10","150.0","[{""product_id"": ""A1"", ""product_name"": ""Widget"", ""quantity"": 1, ""price"": 50.0}, {""product_id"": ""C1"", ""product_name"": ""Doohickey"", ""quantity"": 2, ""price"": 50.0}]"
"862","Customer 862","""123456""","","1862","2025-05-11","250.0","[{""product_id"": ""A1"", ""product_name"": ""Widget"", ""quantity"": 2, ""price"": 50.0}, {""product_id"": ""B1"", ""product_name"": ""Gadget"", ""quantity"": 1, ""price"": 150.0}]"
"863","Customer 863","""+61-2955462564""","","1863","2025-05-12","150.0","[{""product_id"": ""A1"", ""product_name"": ""Widget"", ""quantity"": 1, ""price"": 50.0}, {""product_id"": ""C1"", ""product_name"": ""Doohickey"", ""quantity"": 2, ""price"": 50.0}]"
"864","Customer 864","""+86-3221919232""","customer863@example.com","1864","2025-05-13","300.0","[{""product_id"": ""B1"", ""product_name"": ""Gadget"", ""quantity"": 2, ""price"": 150.0}]"
"865","Customer 865","""+39-2781602485""","CUSTOMER864@EXAMPLE.COM","1865","2025-05-14","300.0","[{""product_id"": ""B1"", ""product_name"": ""Gadget"", ""quantity"": 2, ""price"": 150.0}]"
"866","Customer 866","""+91-2145092181""","customer865@example.com","1866","2025-05-15","250.0","[{""product_id"": ""A1"", ""product_name"": ""Widget"", ""quantity"": 2, ""price"": 50.0}, {""product_id"": ""B1"", ""product_name"": ""Gadget"", ""quantity"": 1, ""price"": 150.0}]"
"867","Customer 867","""+86-3632321298""","customer866@example.com","1867","2025-05-16","250.0","[{""product_id"": ""A1"", ""product_name"": ""Widget"", ""quantity"": 2, ""price"": 50.0}, {""product_id"": ""B1"", ""product_name"": ""Gadget"", ""quantity"": 1, ""price"": 150.0}]"
"868","Customer 868","""+91-5851728334""","customer867@example.com","1868","2025-05-17","300.0","[{""product_id"": ""B1"", ""product_name"": ""Gadget"", ""quantity"": 2, ""price"": 150.0}]"
"869","Customer 869","""+39-4886156602""","CUSTOMER868@EXAMPLE.COM","1869","2025-05-18","300.0","[{""product_id"": ""B1"", ""product_name"": ""Gadget"", ""quantity"": 2, ""price"": 150.0}]"
"870","Customer 870","""+34-8070997258""","CUSTOMER869@EXAMPLE.COM","1870","2025-05-19","250.0","[{""product_id"": ""A1"", ""product_name"": ""Widget"", ""quantity"": 2, ""price"": 50.0}, {""product_id"": ""B1"", ""product_name"": ""Gadget"", ""quantity"": 1, ""price"": 150.0}]"
"871","Customer 871","""+61-7224650558""","CUSTOMER870@EXAMPLE.COM","1871","2025-05-20","250.0","[{""product_id"": ""A1"", ""product_name"": ""Widget"", ""quantity"": 2, ""price"": 50.0}, {""product_id"": ""B1"", ""product_name"": ""Gadget"", ""quantity"": 1, ""price"": 150.0}]"
"872","Customer 872","","N/A","1872","2025-05-21","250.0","[{""product_id"": ""A1"", ""product_name"": ""Widget"", ""quantity"": 2, ""price"": 50.0}, {""product_id"": ""B1"", ""product_name"": ""Gadget"", ""quantity"": 1, ""price"": 150.0}]"
"873","Customer 873","""+86-6939331433""","customer872@example.com","1873","2025-05-22","150.0","[{""product_id"": ""A1"", ""product_name"": ""Widget"", ""quantity"": 1, ""price"": 50.0}, {""product_id"": ""C1"", ""product_name"": ""Doohickey"", ""quantity"": 2, ""price"": 50.0}]"
"874","Customer 874","""N/A""","customer873@example.com","1874","2025-05-23","300.0","[{""product_id"": ""B1"", ""product_name"": ""Gadget"", ""quantity"": 2, ""price"": 150.0}]"
"875","Customer 875","""+39-6903424590""","CUSTOMER874@EXAMPLE.COM","1875","2025-05-24","250.0","[{""product_id"": ""A1"", ""product_name"": ""Widget"", ""quantity"": 2, ""price"": 50.0}, {""product_id"": ""B1"", ""product_name"": ""Gadget"", ""quantity"": 1, ""price"": 150.0}]"
"876","Customer 876","""+81-9151286135""","customer875@example.com","1876","2025-05-25","250.0","[{""product_id"": ""A1"", ""product_name"": ""Widget"", ""quantity"": 2, ""price"": 50.0}, {""product_id"": ""B1"", ""product_name"": ""Gadget"", ""quantity"": 1, ""price"": 150.0}]"
"877","Customer 877","""+86-2955060029""","customer876@example.com","1877","2025-05-26","250.0","[{""product_id"": ""A1"", ""product_name"": ""Widget"", ""quantity"": 2, ""price"": 50.0}, {""product_id"": ""B1"", ""product_name"": ""Gadget"", ""quantity"": 1, ""price"": 150.0}]"
"878","Customer 878","""+39-5664351563""","CUSTOMER877@EXAMPLE.COM","1878","2025-05-27","300.0","[{""product_id"": ""B1"", ""product_name"": ""Gadget"", ""quantity"": 2, ""price"": 150.0}]"
"879","Customer 879","""+39-7728905587""","customer878@example.com","1879","2025-05-28","300.0","[{""product_id"": ""B1"", ""product_name"": ""Gadget"", ""quantity"": 2, ""price"": 150.0}]"
"880","Customer 880","""+81-2422665448""","customer879@example.com","1880","2025-05-29","150.0","[{""product_id"": ""A1"", ""product_name"": ""Widget"", ""quantity"": 1, ""price"": 50.0}, {""product_id"": ""C1"", ""product_name"": ""Doohickey"", ""quantity"": 2, ""price"": 50.0}]"
"881","Customer 881","","CUSTOMER880@EXAMPLE.COM","1881","2025-05-30","150.0","[{""product_id"": ""A1"", ""product_name"": ""Widget"", ""quantity"": 1, ""price"": 50.0}, {""product_id"": ""C1"", ""product_name"": ""Doohickey"", ""quantity"": 2, ""price"": 50.0}]"
"882","Customer 882","""+91-5343844708""","CUSTOMER881@EXAMPLE.COM","1882","2025-05-31","300.0","[{""product_id"": ""B1"", ""product_name"": ""Gadget"", ""quantity"": 2, ""price"": 150.0}]"
"883","Customer 883","""123456""","CUSTOMER882@EXAMPLE.COM","1883","2025-06-01","150.0","[{""product_id"": ""A1"", ""product_name"": ""Widget"", ""quantity"": 1, ""price"": 50.0}, {""product_id"": ""C1"", ""product_name"": ""Doohickey"", ""quantity"": 2, ""price"": 50.0}]"
"884","Customer 884","""+91-3358403055""","customer883@example.com","1884","2025-06-02","300.0","[{""product_id"": ""B1"", ""product_name"": ""Gadget"", ""quantity"": 2, ""price"": 150.0}]"
"885","Customer 885","""+91-5696035330""","CUSTOMER884@EXAMPLE.COM","1885","2025-06-03","300.0","[{""product_id"": ""B1"", ""product_name"": ""Gadget"", ""quantity"": 2, ""price"": 150.0}]"
"886","Customer 886","""+91-3868331480""","customer885@example.com","1886","2025-06-04","250.0","[{""product_id"": ""A1"", ""product_name"": ""Widget"", ""quantity"": 2, ""price"": 50.0}, {""product_id"": ""B1"", ""product_name"": ""Gadget"", ""quantity"": 1, ""price"": 150.0}]"
"887","Customer 887","""+44-1435492754""","customer886@example.com","1887","2025-06-05","250.0","[{""product_id"": ""A1"", ""product_name"": ""Widget"", ""quantity"": 2, ""price"": 50.0}, {""product_id"": ""B1"", ""product_name"": ""Gadget"", ""quantity"": 1, ""price"": 150.0}]"
"888","Customer 888","""""","customer887@example.com","1888","2025-06-06","250.0","[{""product_id"": ""A1"", ""product_name"": ""Widget"", ""quantity"": 2, ""price"": 50.0}, {""product_id"": ""B1"", ""product_name"": ""Gadget"", ""quantity"": 1, ""price"": 150.0}]"
"889","Customer 889","""+61-3750436443""","CUSTOMER888@EXAMPLE.COM","1889","2025-06-07","300.0","[{""product_id"": ""B1"", ""product_name"": ""Gadget"", ""quantity"": 2, ""price"": 150.0}]"
"890","Customer 890","""123456""","CUSTOMER889@EXAMPLE.COM","1890","2025-06-08","250.0","[{""product_id"": ""A1"", ""product_name"": ""Widget"", ""quantity"": 2, ""price"": 50.0}, {""product_id"": ""B1"", ""product_name"": ""Gadget"", ""quantity"": 1, ""price"": 150.0}]"
"891","Customer 891","""+91-8541625734""","customer890@example.com","1891","2025-06-09","250.0","[{""product_id"": ""A1"", ""product_name"": ""Widget"", ""quantity"": 2, ""price"": 50.0}, {""product_id"": ""B1"", ""product_name"": ""Gadget"", ""quantity"": 1, ""price"": 150.0}]"
"892","Customer 892","""+61-6929072165""","CUSTOMER891@EXAMPLE.COM","1892","2025-06-10","300.0","[{""product_id"": ""B1"", ""product_name"": ""Gadget"", ""quantity"": 2, ""price"": 150.0}]"
"893","Customer 893","""N/A""","CUSTOMER892@EXAMPLE.COM","1893","2025-06-11","150.0","[{""product_id"": ""A1"", ""product_name"": ""Widget"", ""quantity"": 1, ""price"": 50.0}, {""product_id"": ""C1"", ""product_name"": ""Doohickey"", ""quantity"": 2, ""price"": 50.0}]"
"894","Customer 894","""+91-4180269347""","CUSTOMER893@EXAMPLE.COM","1894","2025-06-12","250.0","[{""product_id"": ""A1"", ""product_name"": ""Widget"", ""quantity"": 2, ""price"": 50.0}, {""product_id"": ""B1"", ""product_name"": ""Gadget"", ""quantity"": 1, ""price"": 150.0}]"
"895","Customer 895","""+33-7914015057""","CUSTOMER894@EXAMPLE.COM","1895","2025-06-13","250.0","[{""product_id"": ""A1"", ""product_name"": ""Widget"", ""quantity"": 2, ""price"": 50.0}, {""product_id"": ""B1"", ""product_name"": ""Gadget"", ""quantity"": 1, ""price"": 150.0}]"
"896","Customer 896","""+49-2688010247""","customer895@example.com","1896","2025-06-14","250.0","[{""product_id"": ""A1"", ""product_name"": ""Widget"", ""quantity"": 2, ""price"": 50.0}, {""product_id"": ""B1"", ""product_name"": ""Gadget"", ""quantity"": 1, ""price"": 150.0}]"
"897","Customer 897","""+44-4230740262""","customer896@example.com","1897","2025-06-15","150.0","[{""product_id"": ""A1"", ""product_name"": ""Widget"", ""quantity"": 1, ""price"": 50.0}, {""product_id"": ""C1"", ""product_name"": ""Doohickey"", ""quantity"": 2, ""price"": 50.0}]"
"898","Customer 898","""+39-7323482100""","CUSTOMER897@EXAMPLE.COM","1898","2025-06-16","300.0","[{""product_id"": ""B1"", ""product_name"": ""Gadget"", ""quantity"": 2, ""price"": 150.0}]"
"899","Customer 899","""+1-4444887144""","CUSTOMER898@EXAMPLE.COM","1899","2025-06-17","150.0","[{""product_id"": ""A1"", ""product_name"": ""Widget"", ""quantity"": 1, ""price"": 50.0}, {""product_id"": ""C1"", ""product_name"": ""Doohickey"", ""quantity"": 2, ""price"": 50.0}]"
"900","Customer 900","""+91-6511511549""","CUSTOMER899@EXAMPLE.COM","1900","2025-06-18","300.0","[{""product_id"": ""B1"", ""product_name"": ""Gadget"", ""quantity"": 2, ""price"": 150.0}]"
"901","Customer 901","""+81-8892397223""","CUSTOMER900@EXAMPLE.COM","1901","2025-06-19","150.0","[{""product_id"": ""A1"", ""product_name"": ""Widget"", ""quantity"": 1, ""price"": 50.0}, {""product_id"": ""C1"", ""product_name"": ""Doohickey"", ""quantity"": 2, ""price"": 50.0}]"
"902","Customer 902","""+39-7850340921""","customer901@example.com","1902","2025-06-20","150.0","[{""product_id"": ""A1"", ""product_name"": ""Widget"", ""quantity"": 1, ""price"": 50.0}, {""product_id"": ""C1"", ""product_name"": ""Doohickey"", ""quantity"": 2, ""price"": 50.0}]"
"903","Customer 903","""+49-3230618878""","customer902@example.com","1903","2025-06-21","300.0","[{""product_id"": ""B1"", ""product_name"": ""Gadget"", ""quantity"": 2, ""price"": 150.0}]"
"904","Customer 904","""123456""","","1904","2025-06-22","300.0","[{""product_id"": ""B1"", ""product_name"": ""Gadget"", ""quantity"": 2, ""price"": 150.0}]"
"905","Customer 905","""+33-3372565969""","CUSTOMER904@EXAMPLE.COM","1905","2025-06-23","250.0","[{""product_id"": ""A1"", ""product_name"": ""Widget"", ""quantity"": 2, ""price"": 50.0}, {""product_id"": ""B1"", ""product_name"": ""Gadget"", ""quantity"": 1, ""price"": 150.0}]"
"906","Customer 906","""+34-8419819061""","customer905@example.com","1906","2025-06-24","300.0","[{""product_id"": ""B1"", ""product_name"": ""Gadget"", ""quantity"": 2, ""price"": 150.0}]"
"907","Customer 907","""+44-5693472240""","CUSTOMER906@EXAMPLE.COM","1907","2025-06-25","300.0","[{""product_id"": ""B1"", ""product_name"": ""Gadget"", ""quantity"": 2, ""price"": 150.0}]"
"908","Customer 908","""+81-2518314385""","CUSTOMER907@EXAMPLE.COM","1908","2025-06-26","150.0","[{""product_id"": ""A1"", ""product_name"": ""Widget"", ""quantity"": 1, ""price"": 50.0}, {""product_id"": ""C1"", ""product_name"": ""Doohickey"", ""quantity"": 2, ""price"": 50.0}]"
"909","Customer 909","""+39-4498481345""","CUSTOMER908@EXAMPLE.COM","1909","2025-06-27","150.0","[{""product_id"": ""A1"", ""product_name"": ""Widget"", ""quantity"": 1, ""price"": 50.0}, {""product_id"": ""C1"", ""product_name"": ""Doohickey"", ""quantity"": 2, ""price"": 50.0}]"
"910","Customer 910","""N/A""","CUSTOMER909@EXAMPLE.COM","1910","2025-06-28","300.0","[{""product_id"": ""B1"", ""product_name"": ""Gadget"", ""quantity"": 2, ""price"": 150.0}]"
"911","Customer 911","""+81-9323755211""","customer910@example.com","1911","2025-06-29","150.0","[{""product_id"": ""A1"", ""product_name"": ""Widget"", ""quantity"": 1, ""price"": 50.0}, {""product_id"": ""C1"", ""product_name"": ""Doohickey"", ""quantity"": 2, ""price"": 50.0}]"
"912","Customer 912","""+49-7191863615""","CUSTOMER911@EXAMPLE.COM","1912","2025-06-30","150.0","[{""product_id"": ""A1"", ""product_name"": ""Widget"", ""quantity"": 1, ""price"": 50.0}, {""product_id"": ""C1"", ""product_name"": ""Doohickey"", ""quantity"": 2, ""price"": 50.0}]"
"913","Customer 913","""+81-8377589887""","CUSTOMER912@EXAMPLE.COM","1913","2025-07-01","150.0","[{""product_id"": ""A1"", ""product_name"": ""Widget"", ""quantity"": 1, ""price"": 50.0}, {""product_id"": ""C1"", ""product_name"": ""Doohickey"", ""quantity"": 2, ""price"": 50.0}]"
"914","Customer 914","","customer913@example.com","1914","2025-07-02","300.0","[{""product_id"": ""B1"", ""product_name"": ""Gadget"", ""quantity"": 2, ""price"": 150.0}]"
"915","Customer 915","""+49-2077252982""","CUSTOMER914@EXAMPLE.COM","1915","2025-07-03","150.0","[{""product_id"": ""A1"", ""product_name"": ""Widget"", ""quantity"": 1, ""price"": 50.0}, {""product_id"": ""C1"", ""product_name"": ""Doohickey"", ""quantity"": 2, ""price"": 50.0}]"
"916","Customer 916","""+39-4800341793""","CUSTOMER915@EXAMPLE.COM","1916","2025-07-04","250.0","[{""product_id"": ""A1"", ""product_name"": ""Widget"", ""quantity"": 2, ""price"": 50.0}, {""product_id"": ""B1"", ""product_name"": ""Gadget"", ""quantity"": 1, ""price"": 150.0}]"
"917","Customer 917","""+39-4691337684""","CUSTOMER916@EXAMPLE.COM","1917","2025-07-05","300.0","[{""product_id"": ""B1"", ""product_name"": ""Gadget"", ""quantity"": 2, ""price"": 150.0}]"
"918","Customer 918","""+1-7920448676""","","1918","2025-07-06","150.0","[{""product_id"": ""A1"", ""product_name"": ""Widget"", ""quantity"": 1, ""price"": 50.0}, {""product_id"": ""C1"", ""product_name"": ""Doohickey"", ""quantity"": 2, ""price"": 50.0}]"
"919","Customer 919","""+1-4774435528""","n/a","1919","2025-07-07","150.0","[{""product_id"": ""A1"", ""product_name"": ""Widget"", ""quantity"": 1, ""price"": 50.0}, {""product_id"": ""C1"", ""product_name"": ""Doohickey"", ""quantity"": 2, ""price"": 50.0}]"
"920","Customer 920","""+34-6375678049""","CUSTOMER919@EXAMPLE.COM","1920","2025-07-08","250.0","[{""product_id"": ""A1"", ""product_name"": ""Widget"", ""quantity"": 2, ""price"": 50.0}, {""product_id"": ""B1"", ""product_name"": ""Gadget"", ""quantity"": 1, ""price"": 150.0}]"
"921","Customer 921","""+39-5405656492""","CUSTOMER920@EXAMPLE.COM","1921","2025-07-09","300.0","[{""product_id"": ""B1"", ""product_name"": ""Gadget"", ""quantity"": 2, ""price"": 150.0}]"
"922","Customer 922","""+39-9700560443""","n/a","1922","2025-07-10","300.0","[{""product_id"": ""B1"", ""product_name"": ""Gadget"", ""quantity"": 2, ""price"": 150.0}]"
"923","Customer 923","""+39-4129720267""","customer922@example.com","1923","2025-07-11","250.0","[{""product_id"": ""A1"", ""product_name"": ""Widget"", ""quantity"": 2, ""price"": 50.0}, {""product_id"": ""B1"", ""product_name"": ""Gadget"", ""quantity"": 1, ""price"": 150.0}]"
"924","Customer 924","""+1-2849637918""","CUSTOMER923@EXAMPLE.COM","1924","2025-07-12","250.0","[{""product_id"": ""A1"", ""product_name"": ""Widget"", ""quantity"": 2, ""price"": 50.0}, {""product_id"": ""B1"", ""product_name"": ""Gadget"", ""quantity"": 1, ""price"": 150.0}]"
"925","Customer 925","""+44-2684910048""","CUSTOMER924@EXAMPLE.COM","1925","2025-07-13","150.0","[{""product_id"": ""A1"", ""product_name"": ""Widget"", ""quantity"": 1, ""price"": 50.0}, {""product_id"": ""C1"", ""product_name"": ""Doohickey"", ""quantity"": 2, ""price"": 50.0}]"
"926","Customer 926","""+81-6693120749""","CUSTOMER925@EXAMPLE.COM","1926","2025-07-14","300.0","[{""product_id"": ""B1"", ""product_name"": ""Gadget"", ""quantity"": 2, ""price"": 150.0}]"
"927","Customer 927","""+44-6974971075""","N/A","1927","2025-07-15","150.0","[{""product_id"": ""A1"", ""product_name"": ""Widget"", ""quantity"": 1, ""price"": 50.0}, {""product_id"": ""C1"", ""product_name"": ""Doohickey"", ""quantity"": 2, ""price"": 50.0}]"
"928","Customer 928","""+91-3916552901""","invalid-email","1928","2025-07-16","300.0","[{""product_id"": ""B1"", ""product_name"": ""Gadget"", ""quantity"": 2, ""price"": 150.0}]"
"929","Customer 929","""+91-5770175870""","customer928@example.com","1929","2025-07-17","250.0","[{""product_id"": ""A1"", ""product_name"": ""Widget"", ""quantity"": 2, ""price"": 50.0}, {""product_id"": ""B1"", ""product_name"": ""Gadget"", ""quantity"": 1, ""price"": 150.0}]"
"930","Customer 930","""+44-1993913929""","CUSTOMER929@EXAMPLE.COM","1930","2025-07-18","150.0","[{""product_id"": ""A1"", ""product_name"": ""Widget"", ""quantity"": 1, ""price"": 50.0}, {""product_id"": ""C1"", ""product_name"": ""Doohickey"", ""quantity"": 2, ""price"": 50.0}]"
"931","Customer 931","""+39-5704425408""","customer930@example.com","1931","2025-07-19","250.0","[{""product_id"": ""A1"", ""product_name"": ""Widget"", ""quantity"": 2, ""price"": 50.0}, {""product_id"": ""B1"", ""product_name"": ""Gadget"", ""quantity"": 1, ""price"": 150.0}]"
"932","Customer 932","""+1-4378382567""","customer931@example.com","1932","2025-07-20","250.0","[{""product_id"": ""A1"", ""product_name"": ""Widget"", ""quantity"": 2, ""price"": 50.0}, {""product_id"": ""B1"", ""product_name"": ""Gadget"", ""quantity"": 1, ""price"": 150.0}]"
"933","Customer 933","""+49-6390492075""","CUSTOMER932@EXAMPLE.COM","1933","2025-07-21","250.0","[{""product_id"": ""A1"", ""product_name"": ""Widget"", ""quantity"": 2, ""price"": 50.0}, {""product_id"": ""B1"", ""product_name"": ""Gadget"", ""quantity"": 1, ""price"": 150.0}]"
"934","Customer 934","""+61-3585940660""","CUSTOMER933@EXAMPLE.COM","1934","2025-07-22","300.0","[{""product_id"": ""B1"", ""product_name"": ""Gadget"", ""quantity"": 2, ""price"": 150.0}]"
"935","Customer 935","""+34-7311518454""","CUSTOMER934@EXAMPLE.COM","1935","2025-07-23","150.0","[{""product_id"": ""A1"", ""product_name"": ""Widget"", ""quantity"": 1, ""price"": 50.0}, {""product_id"": ""C1"", ""product_name"": ""Doohickey"", ""quantity"": 2, ""price"": 50.0}]"
"936","Customer 936","""+39-3767710516""","CUSTOMER935@EXAMPLE.COM","1936","2025-07-24","300.0","[{""product_id"": ""B1"", ""product_name"": ""Gadget"", ""quantity"": 2, ""price"": 150.0}]"
"937","Customer 937","""N/A""","CUSTOMER936@EXAMPLE.COM","1937","2025-07-25","150.0","[{""product_id"": ""A1"", ""product_name"": ""Widget"", ""quantity"": 1, ""price"": 50.0}, {""product_id"": ""C1"", ""product_name"": ""Doohickey"", ""quantity"": 2, ""price"": 50.0}]"
"938","Customer 938","""+86-2731970273""","CUSTOMER937@EXAMPLE.COM","1938","2025-07-26","150.0","[{""product_id"": ""A1"", ""product_name"": ""Widget"", ""quantity"": 1, ""price"": 50.0}, {""product_id"": ""C1"", ""product_name"": ""Doohickey"", ""quantity"": 2, ""price"": 50.0}]"
"939","Customer 939","""+91-5421734509""","CUSTOMER938@EXAMPLE.COM","1939","2025-07-27","150.0","[{""product_id"": ""A1"", ""product_name"": ""Widget"", ""quantity"": 1, ""price"": 50.0}, {""product_id"": ""C1"", ""product_name"": ""Doohickey"", ""quantity"": 2, ""price"": 50.0}]"
"940","Customer 940","""+44-2776179895""","customer939@example.com","1940","2025-07-28","150.0","[{""product_id"": ""A1"", ""product_name"": ""Widget"", ""quantity"": 1, ""price"": 50.0}, {""product_id"": ""C1"", ""product_name"": ""Doohickey"", ""quantity"": 2, ""price"": 50.0}]"
"941","Customer 941","""+81-5083243809""","CUSTOMER940@EXAMPLE.COM","1941","2025-07-29","150.0","[{""product_id"": ""A1"", ""product_name"": ""Widget"", ""quantity"": 1, ""price"": 50.0}, {""product_id"": ""C1"", ""product_name"": ""Doohickey"", ""quantity"": 2, ""price"": 50.0}]"
"942","Customer 942","""+86-7047389689""","","1942","2025-07-30","150.0","[{""product_id"": ""A1"", ""product_name"": ""Widget"", ""quantity"": 1, ""price"": 50.0}, {""product_id"": ""C1"", ""product_name"": ""Doohickey"", ""quantity"": 2, ""price"": 50.0}]"
"943","Customer 943","""+34-8042247996""","CUSTOMER942@EXAMPLE.COM","1943","2025-07-31","250.0","[{""product_id"": ""A1"", ""product_name"": ""Widget"", ""quantity"": 2, ""price"": 50.0}, {""product_id"": ""B1"", ""product_name"": ""Gadget"", ""quantity"": 1, ""price"": 150.0}]"
"944","Customer 944","""+49-3579163636""","n/a","1944","2025-08-01","300.0","[{""product_id"": ""B1"", ""product_name"": ""Gadget"", ""quantity"": 2, ""price"": 150.0}]"
"945","Customer 945","""+1-9580751449""","CUSTOMER944@EXAMPLE.COM","1945","2025-08-02","250.0","[{""product_id"": ""A1"", ""product_name"": ""Widget"", ""quantity"": 2, ""price"": 50.0}, {""product_id"": ""B1"", ""product_name"": ""Gadget"", ""quantity"": 1, ""price"": 150.0}]"
"946","Customer 946","""+39-6235840767""","CUSTOMER945@EXAMPLE.COM","1946","2025-08-03","250.0","[{""product_id"": ""A1"", ""product_name"": ""Widget"", ""quantity"": 2, ""price"": 50.0}, {""product_id"": ""B1"", ""product_name"": ""Gadget"", ""quantity"": 1, ""price"": 150.0}]"
"947","Customer 947","""N/A""","CUSTOMER946@EXAMPLE.COM","1947","2025-08-04","250.0","[{""product_id"": ""A1"", ""product_name"": ""Widget"", ""quantity"": 2, ""price"": 50.0}, {""product_id"": ""B1"", ""product_name"": ""Gadget"", ""quantity"": 1, ""price"": 150.0}]"
"948","Customer 948","""+91-6250872032""","customer947@example.com","1948","2025-08-05","250.0","[{""product_id"": ""A1"", ""product_name"": ""Widget"", ""quantity"": 2, ""price"": 50.0}, {""product_id"": ""B1"", ""product_name"": ""Gadget"", ""quantity"": 1, ""price"": 150.0}]"
"949","Customer 949","""+81-5205409929""","CUSTOMER948@EXAMPLE.COM","1949","2025-08-06","150.0","[{""product_id"": ""A1"", ""product_name"": ""Widget"", ""quantity"": 1, ""price"": 50.0}, {""product_id"": ""C1"", ""product_name"": ""Doohickey"", ""quantity"": 2, ""price"": 50.0}]"
"950","Customer 950","""+44-8820078605""","CUSTOMER949@EXAMPLE.COM","1950","2025-08-07","150.0","[{""product_id"": ""A1"", ""product_name"": ""Widget"", ""quantity"": 1, ""price"": 50.0}, {""product_id"": ""C1"", ""product_name"": ""Doohickey"", ""quantity"": 2, ""price"": 50.0}]"
"951","Customer 951","""+86-6283150868""","customer950@example.com","1951","2025-08-08","300.0","[{""product_id"": ""B1"", ""product_name"": ""Gadget"", ""quantity"": 2, ""price"": 150.0}]"
"952","Customer 952","""+33-2710168520""","customer951@example.com","1952","2025-08-09","150.0","[{""product_id"": ""A1"", ""product_name"": ""Widget"", ""quantity"": 1, ""price"": 50.0}, {""product_id"": ""C1"", ""product_name"": ""Doohickey"", ""quantity"": 2, ""price"": 50.0}]"
"953","Customer 953","""+81-4993602662""","CUSTOMER952@EXAMPLE.COM","1953","2025-08-10","150.0","[{""product_id"": ""A1"", ""product_name"": ""Widget"", ""quantity"": 1, ""price"": 50.0}, {""product_id"": ""C1"", ""product_name"": ""Doohickey"", ""quantity"": 2, ""price"": 50.0}]"
"954","Customer 954","""+49-4771636431""","CUSTOMER953@EXAMPLE.COM","1954","2025-08-11","150.0","[{""product_id"": ""A1"", ""product_name"": ""Widget"", ""quantity"": 1, ""price"": 50.0}, {""product_id"": ""C1"", ""product_name"": ""Doohickey"", ""quantity"": 2, ""price"": 50.0}]"
"955","Customer 955","""+49-7761071291""","CUSTOMER954@EXAMPLE.COM","1955","2025-08-12","300.0","[{""product_id"": ""B1"", ""product_name"": ""Gadget"", ""quantity"": 2, ""price"": 150.0}]"
"956","Customer 956","""+44-1502254597""","CUSTOMER955@EXAMPLE.COM","1956","2025-08-13","250.0","[{""product_id"": ""A1"", ""product_name"": ""Widget"", ""quantity"": 2, ""price"": 50.0}, {""product_id"": ""B1"", ""product_name"": ""Gadget"", ""quantity"": 1, ""price"": 150.0}]"
"957","Customer 957","""+49-3249752899""","CUSTOMER956@EXAMPLE.COM","1957","2025-08-14","250.0","[{""product_id"": ""A1"", ""product_name"": ""Widget"", ""quantity"": 2, ""price"": 50.0}, {""product_id"": ""B1"", ""product_name"": ""Gadget"", ""quantity"": 1, ""price"": 150.0}]"
"958","Customer 958","""+86-5188100575""","CUSTOMER957@EXAMPLE.COM","1958","2025-08-15","250.0","[{""product_id"": ""A1"", ""product_name"": ""Widget"", ""quantity"": 2, ""price"": 50.0}, {""product_id"": ""B1"", ""product_name"": ""Gadget"", ""quantity"": 1, ""price"": 150.0}]"
"959","Customer 959","""+34-9570990184""","customer958@example.com","1959","2025-08-16","300.0","[{""product_id"": ""B1"", ""product_name"": ""Gadget"", ""quantity"": 2, ""price"": 150.0}]"
"960","Customer 960","""+91-7320669692""","CUSTOMER959@EXAMPLE.COM","1960","2025-08-17","150.0","[{""product_id"": ""A1"", ""product_name"": ""Widget"", ""quantity"": 1, ""price"": 50.0}, {""product_id"": ""C1"", ""product_name"": ""Doohickey"", ""quantity"": 2, ""price"": 50.0}]"
"961","Customer 961","""+61-5643152315""","customer960@example.com","1961","2025-08-18","150.0","[{""product_id"": ""A1"", ""product_name"": ""Widget"", ""quantity"": 1, ""price"": 50.0}, {""product_id"": ""C1"", ""product_name"": ""Doohickey"", ""quantity"": 2, ""price"": 50.0}]"
"962","Customer 962","""+33-4296699376""","CUSTOMER961@EXAMPLE.COM","1962","2025-08-19","250.0","[{""product_id"": ""A1"", ""product_name"": ""Widget"", ""quantity"": 2, ""price"": 50.0}, {""product_id"": ""B1"", ""product_name"": ""Gadget"", ""quantity"": 1, ""price"": 150.0}]"
"963","Customer 963","""+44-1538265204""","customer962@example.com","1963","2025-08-20","150.0","[{""product_id"": ""A1"", ""product_name"": ""Widget"", ""quantity"": 1, ""price"": 50.0}, {""product_id"": ""C1"", ""product_name"": ""Doohickey"", ""quantity"": 2, ""price"": 50.0}]"
"964","Customer 964","""+33-3299078708""","CUSTOMER963@EXAMPLE.COM","1964","2025-08-21","150.0","[{""product_id"": ""A1"", ""product_name"": ""Widget"", ""quantity"": 1, ""price"": 50.0}, {""product_id"": ""C1"", ""product_name"": ""Doohickey"", ""quantity"": 2, ""price"": 50.0}]"
"965","Customer 965","""+39-9147636717""","customer964@example.com","1965","2025-08-22","250.0","[{""product_id"": ""A1"", ""product_name"": ""Widget"", ""quantity"": 2, ""price"": 50.0}, {""product_id"": ""B1"", ""product_name"": ""Gadget"", ""quantity"": 1, ""price"": 150.0}]"
"966","Customer 966","""+61-1944612690""","customer965@example.com","1966","2025-08-23","300.0","[{""product_id"": ""B1"", ""product_name"": ""Gadget"", ""quantity"": 2, ""price"": 150.0}]"
"967","Customer 967","""+33-7415467200""","customer966@example.com","1967","2025-08-24","250.0","[{""product_id"": ""A1"", ""product_name"": ""Widget"", ""quantity"": 2, ""price"": 50.0}, {""product_id"": ""B1"", ""product_name"": ""Gadget"", ""quantity"": 1, ""price"": 150.0}]"
"968","Customer 968","""+91-3722578090""","customer967@example.com","1968","2025-08-25","250.0","[{""product_id"": ""A1"", ""product_name"": ""Widget"", ""quantity"": 2, ""price"": 50.0}, {""product_id"": ""B1"", ""product_name"": ""Gadget"", ""quantity"": 1, ""price"": 150.0}]"
"969","Customer 969","""+44-9714364761""","customer968@example.com","1969","2025-08-26","150.0","[{""product_id"": ""A1"", ""product_name"": ""Widget"", ""quantity"": 1, ""price"": 50.0}, {""product_id"": ""C1"", ""product_name"": ""Doohickey"", ""quantity"": 2, ""price"": 50.0}]"
"970","Customer 970","""123456""","CUSTOMER969@EXAMPLE.COM","1970","2025-08-27","150.0","[{""product_id"": ""A1"", ""product_name"": ""Widget"", ""quantity"": 1, ""price"": 50.0}, {""product_id"": ""C1"", ""product_name"": ""Doohickey"", ""quantity"": 2, ""price"": 50.0}]"
"971","Customer 971","""+44-6810352260""","customer970@example.com","1971","2025-08-28","300.0","[{""product_id"": ""B1"", ""product_name"": ""Gadget"", ""quantity"": 2, ""price"": 150.0}]"
"972","Customer 972","""+34-5934664189""","customer971@example.com","1972","2025-08-29","250.0","[{""product_id"": ""A1"", ""product_name"": ""Widget"", ""quantity"": 2, ""price"": 50.0}, {""product_id"": ""B1"", ""product_name"": ""Gadget"", ""quantity"": 1, ""price"": 150.0}]"
"973","Customer 973","""+81-9495815108""","customer972@example.com","1973","2025-08-30","250.0","[{""product_id"": ""A1"", ""product_name"": ""Widget"", ""quantity"": 2, ""price"": 50.0}, {""product_id"": ""B1"", ""product_name"": ""Gadget"", ""quantity"": 1, ""price"": 150.0}]"
"974","Customer 974","""+49-1999347565""","customer973@example.com","1974","2025-08-31","250.0","[{""product_id"": ""A1"", ""product_name"": ""Widget"", ""quantity"": 2, ""price"": 50.0}, {""product_id"": ""B1"", ""product_name"": ""Gadget"", ""quantity"": 1, ""price"": 150.0}]"
"975","Customer 975","""+61-1731288921""","CUSTOMER974@EXAMPLE.COM","1975","2025-09-01","250.0","[{""product_id"": ""A1"", ""product_name"": ""Widget"", ""quantity"": 2, ""price"": 50.0}, {""product_id"": ""B1"", ""product_name"": ""Gadget"", ""quantity"": 1, ""price"": 150.0}]"
"976","Customer 976","""+1-6627453667""","CUSTOMER975@EXAMPLE.COM","1976","2025-09-02","300.0","[{""product_id"": ""B1"", ""product_name"": ""Gadget"", ""quantity"": 2, ""price"": 150.0}]"
"977","Customer 977","""+1-4728609486""","customer976@example.com","1977","2025-09-03","250.0","[{""product_id"": ""A1"", ""product_name"": ""Widget"", ""quantity"": 2, ""price"": 50.0}, {""product_id"": ""B1"", ""product_name"": ""Gadget"", ""quantity"": 1, ""price"": 150.0}]"
"978","Customer 978","""+91-2229640171""","CUSTOMER977@EXAMPLE.COM","1978","2025-09-04","250.0","[{""product_id"": ""A1"", ""product_name"": ""Widget"", ""quantity"": 2, ""price"": 50.0}, {""product_id"": ""B1"", ""product_name"": ""Gadget"", ""quantity"": 1, ""price"": 150.0}]"
"979","Customer 979","""+34-9994566232""","CUSTOMER978@EXAMPLE.COM","1979","2025-09-05","300.0","[{""product_id"": ""B1"", ""product_name"": ""Gadget"", ""quantity"": 2, ""price"": 150.0}]"
"980","Customer 980","","customer979@example.com","1980","2025-09-06","250.0","[{""product_id"": ""A1"", ""product_name"": ""Widget"", ""quantity"": 2, ""price"": 50.0}, {""product_id"": ""B1"", ""product_name"": ""Gadget"", ""quantity"": 1, ""price"": 150.0}]"
"981","Customer 981","""+1-5667467965""","customer980@example.com","1981","2025-09-07","250.0","[{""product_id"": ""A1"", ""product_name"": ""Widget"", ""quantity"": 2, ""price"": 50.0}, {""product_id"": ""B1"", ""product_name"": ""Gadget"", ""quantity"": 1, ""price"": 150.0}]"
"982","Customer 982","""+86-2821053773""","customer981@example.com","1982","2025-09-08","250.0","[{""product_id"": ""A1"", ""product_name"": ""Widget"", ""quantity"": 2, ""price"": 50.0}, {""product_id"": ""B1"", ""product_name"": ""Gadget"", ""quantity"": 1, ""price"": 150.0}]"
"983","Customer 983","""+1-9980909516""","CUSTOMER982@EXAMPLE.COM","1983","2025-09-09","150.0","[{""product_id"": ""A1"", ""product_name"": ""Widget"", ""quantity"": 1, ""price"": 50.0}, {""product_id"": ""C1"", ""product_name"": ""Doohickey"", ""quantity"": 2, ""price"": 50.0}]"
"984","Customer 984","""+81-7476834255""","CUSTOMER983@EXAMPLE.COM","1984","2025-09-10","150.0","[{""product_id"": ""A1"", ""product_name"": ""Widget"", ""quantity"": 1, ""price"": 50.0}, {""product_id"": ""C1"", ""product_name"": ""Doohickey"", ""quantity"": 2, ""price"": 50.0}]"
"985","Customer 985","""+61-2143708322""","CUSTOMER984@EXAMPLE.COM","1985","2025-09-11","300.0","[{""product_id"": ""B1"", ""product_name"": ""Gadget"", ""quantity"": 2, ""price"": 150.0}]"
"986","Customer 986","""+34-6363133675""","customer985@example.com","1986","2025-09-12","250.0","[{""product_id"": ""A1"", ""product_name"": ""Widget"", ""quantity"": 2, ""price"": 50.0}, {""product_id"": ""B1"", ""product_name"": ""Gadget"", ""quantity"": 1, ""price"": 150.0}]"
"987","Customer 987","""123456""","CUSTOMER986@EXAMPLE.COM","1987","2025-09-13","150.0","[{""product_id"": ""A1"", ""product_name"": ""Widget"", ""quantity"": 1, ""price"": 50.0}, {""product_id"": ""C1"", ""product_name"": ""Doohickey"", ""quantity"": 2, ""price"": 50.0}]"
"988","Customer 988","""+49-6951500715""","customer987@example.com","1988","2025-09-14","250.0","[{""product_id"": ""A1"", ""product_name"": ""Widget"", ""quantity"": 2, ""price"": 50.0}, {""product_id"": ""B1"", ""product_name"": ""Gadget"", ""quantity"": 1, ""price"": 150.0}]"
"989","Customer 989","""+1-6084881977""","customer988@example.com","1989","2025-09-15","250.0","[{""product_id"": ""A1"", ""product_name"": ""Widget"", ""quantity"": 2, ""price"": 50.0}, {""product_id"": ""B1"", ""product_name"": ""Gadget"", ""quantity"": 1, ""price"": 150.0}]"
"990","Customer 990","""+1-1024485013""","customer989@example.com","1990","2025-09-16","150.0","[{""product_id"": ""A1"", ""product_name"": ""Widget"", ""quantity"": 1, ""price"": 50.0}, {""product_id"": ""C1"", ""product_name"": ""Doohickey"", ""quantity"": 2, ""price"": 50.0}]"
"991","Customer 991","""+61-5239934523""","CUSTOMER990@EXAMPLE.COM","1991","2025-09-17","300.0","[{""product_id"": ""B1"", ""product_name"": ""Gadget"", ""quantity"": 2, ""price"": 150.0}]"
"992","Customer 992","""+44-2629480022""","CUSTOMER991@EXAMPLE.COM","1992","2025-09-18","250.0","[{""product_id"": ""A1"", ""product_name"": ""Widget"", ""quantity"": 2, ""price"": 50.0}, {""product_id"": ""B1"", ""product_name"": ""Gadget"", ""quantity"": 1, ""price"": 150.0}]"
"993","Customer 993","""+81-9578650464""","CUSTOMER992@EXAMPLE.COM","1993","2025-09-19","300.0","[{""product_id"": ""B1"", ""product_name"": ""Gadget"", ""quantity"": 2, ""price"": 150.0}]"
"994","Customer 994","""+34-8270884886""","customer993@example.com","1994","2025-09-20","250.0","[{""product_id"": ""A1"", ""product_name"": ""Widget"", ""quantity"": 2, ""price"": 50.0}, {""product_id"": ""B1"", ""product_name"": ""Gadget"", ""quantity"": 1, ""price"": 150.0}]"
"995","Customer 995","""123456""","N/A","1995","2025-09-21","250.0","[{""product_id"": ""A1"", ""product_name"": ""Widget"", ""quantity"": 2, ""price"": 50.0}, {""product_id"": ""B1"", ""product_name"": ""Gadget"", ""quantity"": 1, ""price"": 150.0}]"
"996","Customer 996","""+61-1186969614""","CUSTOMER995@EXAMPLE.COM","1996","2025-09-22","300.0","[{""product_id"": ""B1"", ""product_name"": ""Gadget"", ""quantity"": 2, ""price"": 150.0}]"
"997","Customer 997","""""","CUSTOMER996@EXAMPLE.COM","1997","2025-09-23","150.0","[{""product_id"": ""A1"", ""product_name"": ""Widget"", ""quantity"": 1, ""price"": 50.0}, {""product_id"": ""C1"", ""product_name"": ""Doohickey"", ""quantity"": 2, ""price"": 50.0}]"
"998","Customer 998","""123456""","customer997@example.com","1998","2025-09-24","150.0","[{""product_id"": ""A1"", ""product_name"": ""Widget"", ""quantity"": 1, ""price"": 50.0}, {""product_id"": ""C1"", ""product_name"": ""Doohickey"", ""quantity"": 2, ""price"": 50.0}]"
"999","Customer 999","""+49-3251289279""","customer998@example.com","1999","2025-09-25","300.0","[{""product_id"": ""B1"", ""product_name"": ""Gadget"", ""quantity"": 2, ""price"": 150.0}]"
"1000","Customer 1000","""+44-3160229032""","customer999@example.com","2000","2025-09-26","250.0","[{""product_id"": ""A1"", ""product_name"": ""Widget"", ""quantity"": 2, ""price"": 50.0}, {""product_id"": ""B1"", ""product_name"": ""Gadget"", ""quantity"": 1, ""price"": 150.0}]"
